:020000040800F2
:1000000000000824FD440008D918000853450008E2
:100010006545000877450008894500080000000094
:100020000000000000000000000000004D19000862
:100030004F1900080000000051190008531900086A
:100040005145000851450008514500085145000838
:100050005145000851450008514500085145000828
:100060005145000851450008514500085145000818
:10007000397D0008514500085145000851450008E8
:1000800051450008514500085145000851450008F8
:1000900051450008514500085145000851450008E8
:1000A00051450008514500085145000851450008D8
:1000B00051450008514500085145000851450008C8
:1000C00051450008514500085145000851450008B8
:1000D00051450008514500085145000851450008A8
:1000E0005145000851450008000000005145000836
:1000F0005145000851450008514500085145000888
:100100005145000851450008514500085145000877
:100110005145000851450008514500085145000867
:100120005145000851450008514500085145000857
:100130005145000851450008514500085145000847
:1001400000000000000000000000000000000000AF
:100150005145000851450008514500085145000827
:100160005145000851450008514500085145000817
:100170005145000851450008514500085145000807
:1001800051450008514500085145000851450008F7
:100190002D7D0008514500085145000851450008D3
:1001A00051450008514500085145000851450008D7
:1001B00051450008514500085145000851450008C7
:1001C00051450008514500085145000851450008B7
:1001D0005145000895860008514500085145000822
:1001E0005145000851450008514500085145000897
:1001F0005145000851450008514500085145000887
:100200005145000851450008514500085145000876
:100210005145000851450008514500085145000866
:1002200051450008514500085145000800000000F4
:1002300051450008514500080000000051450008E4
:100240005145000851450008514500085145000836
:100250005145000851450008514500085145000826
:100260005145000851450008514500085145000816
:1002700051450008514500085145000800000000A4
:100280005145000851450008514500080000000094
:080290000000000051450008C8
:1004000020524556563236303833305232000000D2
:1004100000000000000000000000000000000000DC
:100420000000000057454143542D483735302D42D8
:100430004F4F5400000000000000000000000000CA
:0C044000000000000000000800000000A8
:1008000053B94AB9002908BF00281CBF4FF0FF3177
:100810004FF0FF3000F00CB8ADF1080C6DE904CEDC
:100820000FF006F9DDF804E0DDE9022304B07047BB
:10083000704700BF10F8012B11F8013B012A28BFB7
:100840009A42F7D0D01A7047034613F8012B002ABA
:10085000FBD1181A013870470000000000000000AA
:1008600001F0FF01102A2BDB10F0070F08D010F861
:10087000013B013A8B422DD010F0070F42B3F6D165
:10088000F0B441EA012141EA014122F007047FF07E
:1008900000070023F0E80256083C85EA010586EAD5
:1008A000010685FA47F5A3FA87F586FA47F6A5FA11
:1008B00087F68EB9EED1F0BC01F0FF0102F007021D
:1008C00032B110F8013B013A83EA010313B1F8D1C8
:1008D0000020704701387047002D06BF35460338A9
:1008E000073815F0010F07D1013015F4807F02BFE2
:1008F000013015F4C03F0130F0BC0138704700BF33
:1009000081F0004102E000BF83F0004330B54FEAC0
:1009100041044FEA430594EA050F08BF90EA020F2D
:100920001FBF54EA000C55EA020C7FEA645C7FEAC0
:10093000655C00F0E2804FEA5454D4EB5555B8BFE3
:100940006D420CDD2C4480EA020281EA030382EA54
:10095000000083EA010180EA020281EA0303362DE6
:1009600088BF30BD11F0004F4FEA01314FF4801CB9
:100970004CEA113102D0404261EB410113F0004FCB
:100980004FEA03334CEA133302D0524263EB430382
:1009900094EA050F00F0A780A4F10104D5F1200E20
:1009A0000DDB02FA0EFC22FA05F2801841F100017B
:1009B00003FA0EF2801843FA05F359410EE0A5F14F
:1009C00020050EF1200E012A03FA0EFC28BF4CF080
:1009D000020C43FA05F3C01851EBE37101F0004536
:1009E00007D54FF0000EDCF1000C7EEB00006EEB43
:1009F0000101B1F5801F1BD3B1F5001F0CD34908CD
:100A00005FEA30004FEA3C0C04F101044FEA445223
:100A100012F5800F80F09A80BCF1004F08BF5FEAAA
:100A2000500C50F1000041EB045141EA050130BD8A
:100A30005FEA4C0C404141EB0101013C28BFB1F59C
:100A4000801FE9D291F0000F04BF01460020B1FAE7
:100A500081F308BF2033A3F10B03B3F120020CDABA
:100A60000C3208DD02F1140CC2F10C0201FA0CF098
:100A700021FA02F10CE002F11402D8BFC2F1200CFD
:100A800001FA02F120FA0CFCDCBF41EA0C019040B3
:100A9000E41AA2BF01EB0451294330BD6FEA0404FC
:100AA0001F3C1CDA0C340EDC04F11404C4F12002E7
:100AB00020FA04F001FA02F340EA030021FA04F3F9
:100AC00045EA030130BDC4F10C04C4F1200220FA50
:100AD00002F001FA04F340EA0300294630BD21FA8E
:100AE00004F0294630BD94F0000F83F4801306BF54
:100AF00081F480110134013D4EE77FEA645C18BF48
:100B00007FEA655C29D094EA050F08BF90EA020FDE
:100B100005D054EA000C04BF1946104630BD91EAD6
:100B2000030F1EBF0021002030BD5FEA545C05D1D9
:100B30004000494128BF41F0004130BD14F5800418
:100B40003CBF01F5801130BD01F0004545F0FE418C
:100B500041F470014FF0000030BD7FEA645C1ABFC1
:100B6000194610467FEA655C1CBF0B46024650EAF8
:100B7000013406BF52EA033591EA030F41F4002124
:100B800030BD00BF90F0000F04BF0021704730B5AA
:100B90004FF4806404F132044FF000054FF000017F
:100BA00050E700BF90F0000F04BF0021704730B540
:100BB0004FF4806404F1320410F0004548BF404215
:100BC0004FF000013EE700BF42004FEAE2014FEA6A
:100BD00031014FEA02701FBF12F07F4393F07F4F45
:100BE00081F06051704732F07F4208BF704793F048
:100BF0007F4F04BF41F40021704730B54FF460745B
:100C000001F0004521F000411CE700BF50EA01025D
:100C100008BF704730B54FF000050AE050EA010206
:100C200008BF704730B511F0004502D5404261EB76
:100C300041014FF4806404F132045FEA915C3FF4B7
:100C4000D8AE4FF003025FEADC0C18BF03325FEA54
:100C5000DC0C18BF033202EBDC02C2F1200300FA05
:100C600003FC20FA02F001FA03FE40EA0E0021FA2A
:100C700002F11444BDE600BF0348044B834202D096
:100C8000034B03B1184770479812002498120024B0
:100C9000000000000548064B1B1AD90F01EBA30109
:100CA000491002D0034B03B1184770479812002433
:100CB000981200240000000010B5064C237843B9B8
:100CC000FFF7DAFF044B13B10448AFF300800123B0
:100CD000237010BDA012002400000000A828010805
:100CE00008B5054B1BB105490548AFF30080BDE8C9
:100CF0000840FFF7CFBF00BF00000000A41200248F
:100D0000A8280108002310B50446C0E90033C0E953
:100D10000433836081814366C2818361194608225E
:100D20005C3000F0B3F80D4B63620D4BA3620D4BCA
:100D3000E3620D4B23630D4B24629C4206D003F10A
:100D40006802944202D0D0339C4205D104F158008D
:100D5000BDE8104000F0C6B810BD00BF9D110008EE
:100D6000BF110008F71100081D120008BC12002472
:100D7000024A0349034800F06BB800BF000000249A
:100D8000351100081000002441680C4B994210B541
:100D9000044601D000F0CEF9A168094B994202D077
:100DA000204600F0C7F9E168064B994204D020467E
:100DB000BDE8104000F0BEB910BD00BFBC12002459
:100DC000241300248C1300240C4B0D4A0D4810B53D
:100DD00004211A600022FFF795FF0A4B01221C46EE
:100DE000092103F16800FFF78DFF04F1D000022212
:100DF000BDE810401221FFF785BF00BFF4130024A7
:100E0000710D0008BC120024014800F06CB800BF4E
:100E1000F9130024014800F067B800BFF91300245B
:100E200010B50446FFF7F0FF236A1BB1BDE8104080
:100E3000FFF7F0BF044B2362044B1B68002BF5D176
:100E4000FFF7C2FFF2E700BF890D0008F41300248A
:100E50002DE9F8430746884614460026D4E9019553
:100E6000B9F1010905D52468002CF7D13046BDE859
:100E7000F883AB89012B07D9B5F90E30013303D0C4
:100E800029463846C04706436835E9E70244034629
:100E9000934200D1704703F8011BF9E770B50D4B81
:100EA0000D4D5B1B9C100026A64209D111F0FCFCE5
:100EB0000A4D0B4B5B1B9C100026A64205D170BD52
:100EC00055F8043B98470136EEE755F8043B984740
:100ED0000136F2E71073010810730108107301085E
:100EE00014730108704770477047000070B50F4ECB
:100EF0000C463168054611B900F0B8F9306021465A
:100F0000284600F0B3F9431C03D14FF0FF342046CC
:100F100070BDC41C24F00304A042F8D0211A284656
:100F200000F0A4F90130F2D1EFE700BFFC13002478
:100F30002DE9F843CD1C25F0030508350C2D38BFED
:100F40000C25002D064601DBA94204D90C23336091
:100F50000020BDE8F883DFF8D48000F013F9D8F85A
:100F600000301C4644BB29463046FFF7BFFF431CF8
:100F7000044658D1D8F800402746002F43D1002C12
:100F80004BD023683946304604EB030900F06EF974
:100F9000814542D121686D1A29463046FFF7A6FFE8
:100FA00001303AD023682B442360D8F800305A68C7
:100FB00062BBC8F800700FE02268521B20D40B2AD5
:100FC00017D96119A342256018BF5960636808BF2B
:100FD000C8F8001062514B60304600F0D9F804F1B7
:100FE0000B00231D20F00700C21A1CBF1B1AA350C0
:100FF000AFE76268A3420CBFC8F800205A60EBE775
:1010000023466468AEE73C467F68B6E71A465B68ED
:10101000A342FBD100235360DEE70C23336030464C
:1010200000F0B6F894E70560D6E700BF001400248E
:10103000B1F90C202DE9F041160705460C4651D4B4
:101040004B68002B02DC0B6C002B49DDE66A002E9E
:1010500046D0002312F480522F682B6031D0626D8D
:10106000A389590705D56368D21A636B0BB1236C4A
:10107000D21A0023E66A216A2846B047421CB4F916
:101080000C3006D129681D2946D8294ACA40D607FE
:1010900042D500226260D9042269226004D5421C34
:1010A00001D12B6803B96065616B2F60C1B104F198
:1010B0004403994202D0284600F00AF900236363F2
:1010C0000EE0216A01232846B0470246501CC7D1D2
:1010D0002B68002BC4D01D2B01D0162B1AD12F60EA
:1010E00000201EE00F69002FFAD093070E6808BF9A
:1010F0004B690F6018BF0023A6EB07088B60B8F19F
:10110000000FEDDD216AA66A43463A462846B047FD
:10111000002808DCB4F90C3043F04003A3814FF001
:10112000FF30BDE8F0810744A8EB0008E7E700BF07
:101130000100402038B50B6905460C4613B900255F
:10114000284638BD18B1036A0BB9FFF769FEB4F938
:101150000C30002BF3D0626ED00704D4990502D472
:10116000A06DFFF7C0FE28462146FFF761FF636EC2
:10117000DA070546E4D4A3899B05E1D4A06DFFF707
:10118000B3FEDDE70148FFF7AEBE00BFF813002451
:101190000148FFF7A9BE00BFF813002410B50C46A4
:1011A000B1F90E1000F050F80028ABBF636DA389B1
:1011B0001B1823F48053ACBF6365A38110BD2DE9D8
:1011C000F0411F468B89DB0505460C46164605D5C2
:1011D000B1F90E100223002200F024F8A389B4F91B
:1011E0000E1023F48053A38132463B462846BDE8C7
:1011F000F04100F04BB810B50C46B1F90E1000F0FC
:1012000011F8B4F90C30421C0BBF23F4805343F4A3
:101210008053A381A38118BF606510BDB1F90E1082
:1012200000F046B838B5074D04460846114600227E
:101230002A601A4600F0C3FB431C02D12B6803B19D
:10124000236038BD0414002438B5074D0446084611
:10125000114600222A601A4600F092FB431C02D17C
:101260002B6803B1236038BD0414002438B5064D43
:101270000023044608462B6000F0A4FB431C02D167
:101280002B6803B1236038BD0414002438B5074D22
:1012900004460846114600222A601A4600F07EFBEA
:1012A000431C02D12B6803B1236038BD0414002411
:1012B00038B5064D0023044608462B6000F075FB48
:1012C000431C02D12B6803B1236038BD04140024F1
:1012D00038B50546002941D051F8043C0C1F002BBD
:1012E000B8BFE418FFF74EFF1D4A136833B96360B7
:1012F00014602846BDE83840FFF74ABFA34208D92A
:10130000206821188B4201BF19685B6809182160A9
:10131000EDE71A465B680BB1A342FAD91168501881
:10132000A0420BD120680144501883421160E0D1E3
:1013300018685B68536008441060DAE702D90C2330
:101340002B60D6E7206821188B4204BF19685B68C0
:10135000636004BF091821605460CAE738BD00BF4C
:101360000014002410B50A4C00F099FA2368C01A42
:10137000632805D900F093FA2060002005F0D6F824
:1013800007F0EAF802F0C6FCBDE8104001F0C6BD67
:10139000081400242DE9FF4701F022FC01F098FB1E
:1013A000054606F083F810F001041BBF0127C0F3C7
:1013B0004004A246DFF8FC8012BFBA460227DFF8DD
:1013C000F88006F079F8012881BF01240027DFF8B2
:1013D000EC80A24625B901240227DFF8E480A2466A
:1013E000294804AE05F09EF9284BDFF8D8900FCBC2
:1013F00006E90F0006EB85032548264E53F8101C1E
:1014000005F090F9BAF1000F23D0234B4146234A4F
:101410002348002C08BF1A4605F084F93470C9F837
:101420000070317899F8000002F0E6FF02F0CEFA81
:10143000307802F0ADFD30780130C0B206F0E4FF44
:1014400003F006FE01F040FD04B0BDE8F04702F0F5
:10145000F3B9022D12D101F0D5FB01F037FC04469F
:101460000146104805F05EF901230F4833700F4B19
:10147000152C18BF184602F0DDFFD2E7012DECD184
:101480000B4805F04FF9E8E763290108C028010877
:10149000722901080C140024462901084329010877
:1014A00083290108CC2901084A2901085929010882
:1014B0009D2901081E2901081A2F01082A2901085F
:1014C000372901085C00002408B502F015FAFCE792
:1014D00008B5002002F07EF902F00EFA0120BDE806
:1014E000084002F077B90000BB4B5A6912F4003291
:1014F0002DE9F041C2B011D1BFF34F8FBFF36F8F11
:10150000C3F85022BFF34F8FBFF36F8F5A6942F475
:1015100000325A61BFF34F8FBFF36F8FAE4A5369EA
:1015200013F4803323D1C2F88430BFF34F8FD2F845
:10153000803043F6E074C3F3C900C3F34E335B015C
:1015400003EA0406014646EA81750139C2F8605291
:10155000F9D2203B13F1200FF2D1BFF34F8F536923
:1015600043F480335361BFF34F8FBFF36F8F07F0A6
:101570009BF94C22002112A8FFF788FC20220021B1
:101580000AA8FFF783FC022008F09EFB00230993C2
:10159000924BDA6A22F00102DA62DB6A03F001039D
:1015A00009938F4B9A6942F440429A619A6902F416
:1015B00040420992099A9A699204FCD5894C08F034
:1015C0007BFB07F0C3F94FF48037236F4FF0050E14
:1015D0000225012623F018034FF0080812A82367FC
:1015E0002523149618961F95CDF88880CDE91237DB
:1015F000A023CDE91DE30023CDE91B55CDE92085CE
:10160000CDE9233308F0B4FE08B172B6FEE74FF01F
:101610003F0C03234FF480622946CDE90AC34023DF
:10162000CDE90C080AA8CDE90E33CDE9102309F065
:10163000E9F9014608B172B6FEE7B82214A8FFF72F
:1016400025FC4FF01172002312A8CDE912234FF4AC
:10165000401334934FF480733F9309F02BFC0546FD
:1016600008B172B6FEE7D4F8DC300146102212A8A9
:1016700043F00053C4F8DC30D4F8DC3003F00053FE
:101680000093009BD4F8DC3043F08043C4F8DC3096
:10169000D4F8DC3003F080430193019BD4F8DC30B4
:1016A00043F00043C4F8DC30D4F8DC3003F00043EE
:1016B0000293029BD4F8F43043F00203C4F8F430F0
:1016C000D4F8F43003F002030393039BD4F8E03022
:1016D00043F00103C4F8E030D4F8E03003F0010334
:1016E0000493049BD4F8E03043F00203C4F8E030E4
:1016F000D4F8E03003F002030593059BD4F8E03002
:1017000043F00403C4F8E030D4F8E03003F00403FD
:101710000693069BD4F8E03043F00803C4F8E030A9
:10172000D4F8E03003F008030793079BD4F8E030C7
:1017300043F01003C4F8E030D4F8E03003F01003B5
:101740000893089BD4F8E03043F08003C4F8E030FD
:10175000D4F8E03040F2011403F080030A930A9BAE
:10176000FFF794FB07F082F948F21F7312A8ADF857
:1017700048601395CDE9143407F096F94FF01052F4
:10178000194B12A8ADF84840CDE913234FF00113CF
:10179000159307F089F940F201234FF0405112A848
:1017A0001594ADF84830114BCDE9131307F07CF9CF
:1017B00040F601734FF010401597ADF848300C4BD0
:1017C000CDE9130312A807F06FF9042007F05CF9C4
:1017D000304642B0BDE8F08100ED00E00004005862
:1017E000004802580044025812000003120001038E
:1017F0001600000300224FF0FF3170B5930003F193
:10180000604303F56143C3F88010C3F88011BFF350
:101810004F8FBFF36F8F0132082AEFD14FF0E022D4
:10182000002313615361936102F55062C2F8843062
:10183000BFF34F8FD2F8803043F6E074C3F3C90092
:10184000C3F34E335B0103EA0406014646EA8175A1
:101850000139C2F87452F9D2203B13F1200FF2D1B2
:10186000BFF34F8FBFF36F8FBFF34F8FBFF36F8FF8
:101870000023C2F85032BFF34F8FBFF36F8F0120A8
:1018800070BD38B5044607F049F8054607F046F83C
:10189000431BA34200D338BDFFF71AFEF6E707F05B
:1018A0003DB872B6FEE70000064B074A996A116020
:1018B000064AD96A1160064A596B11609A6B054B4A
:1018C0001A60704700ED00E00C00002008000020C6
:1018D0000400002000000020BFF34F8F0549064B95
:1018E000CA6802F4E0621343CB60BFF34F8F00BFBE
:1018F000FDE700BF00ED00E00400FA0508B5FFF7C2
:10190000D3FF0146014803F05FFDFEE7FE29010811
:1019100008B5FFF7C9FF0146014803F055FDFEE792
:10192000082A010808B5FFF7BFFF0146014803F088
:101930004BFDFEE7122A010808B5FFF7B5FF014687
:10194000014803F041FDFEE71B2A0108704770477C
:10195000704708B506F0D6FFBDE8084003F04EBB5F
:101960000120704708B50FF023F9162303604FF0EC
:10197000FF3008BD08B50FF01BF916230360FEE722
:1019800070B50D4614460E46731B9C4201DC204682
:1019900070BDAFF3008006F8010BF5E710B51446F3
:1019A000002006F0BDFB204610BD4FF0FF30704711
:1019B0004FF4005300204B60704701207047002017
:1019C000704700000A4A0346106810B508B9094874
:1019D000106009490344094C091B8B4206D90FF0DA
:1019E000E7F80C2303604FF0FF3010BD1360FCE7F5
:1019F00010140024C075002400000824001000000A
:101A00002E4AD2F8883043F47003C2F888302C4A4A
:101A1000136803F00F03062B05D8136823F00F0398
:101A200043F007031360274B1A6842F001021A6063
:101A300000221A61244A19680A4021491A600A687A
:101A4000100705D50A6822F00F0242F007020A606B
:101A500000221E499A61DA611A6299621C49D962B0
:101A60001C4919635A639963DA6319645A641968E3
:101A700021F4802119601A66174B1B686FF30F035E
:101A8000B3F1005F03D2154B0122C3F808210D4BBF
:101A9000D3F8D420D2040FD4D3F8D42043F2D20107
:101AA00042F48052C3F8D4200D4A1160D3F8D420F8
:101AB00022F48052C3F8D420704700BF00ED00E04C
:101AC00000200052004402587FEDF6EA00020202B4
:101AD0000000FF01800201010010005C0080005145
:101AE00000400052704708B5FFF7FEFC06F036FED6
:101AF000FFF750FCFFF7E8FC002008BD284B70B54D
:101B000003EB001501F00F042E7AA64208D84FF01F
:101B1000E023D3F8F03DD90700D500BE002070BD0A
:101B200000F1FF3CDCF1000040EB0C00C9094FEA7A
:101B30000010185802F103034FEA93030FD1C3F3C7
:101B40000D03426A083333445B009BB29A4204D2CD
:101B5000144A92889A42DAD343620120DFE76D7A11
:101B6000104925B18A799542D1D901328A718268AA
:101B7000456A12068A885CBF5B009BB21D44AA427C
:101B8000C5D3D21A92B242EA03438A800CB9836267
:101B9000E3E704F13F0200EB82004360DDE700BFB2
:101BA000303E01084014002400F1FF3C0C4BDCF1F6
:101BB000000141EB0C010901595803EB00131A7A9B
:101BC000DB6818329B0852004A628A6C054A93808F
:101BD0001A0412FA83F34022CB658021FFF78EBFEF
:101BE000303E010840140024431E58425841224B05
:101BF000F0B500018E78214F1C5806F00F008B883D
:101C0000F5094FEA400CD4F808E8C3F30A030CEBDB
:101C1000D6121EF0060FAC4407EB021208BF4FF0BD
:101C2000010E07EB0C17538143F400438A7902BF7E
:101C300002F1FF320EFA02F2D2B23A73CA7802F01F
:101C400003014A1E43EA814318BF012243EA02739B
:101C50000DB166F3995385F0010500EB051202F111
:101C60004801490163500123D4F81C1893400B43E9
:101C7000C4F81C38F0BD00BF303E010848140024F1
:101C800000F1FF3C334B5205DCF1000040EB0C004F
:101C900030B5000101F00F04C9091B584FEA441187
:101CA00003EB01002CD0D0F80059002D0EDBD0F84A
:101CB00000190A4342F00062C0F80029A40144F070
:101CC00020041C611A699506FCD430BDD0F8005977
:101CD00045F00065C0F80059D0F808596D06FBD5ED
:101CE000D0F8005919442A4342F08042C0F8002934
:101CF000D1F808299207FBD50222C1F80829DDE7AF
:101D0000D0F8005B002D00DA2CB9D0F8003B13436B
:101D1000C0F8003BD9E7D3F8044844F40074C3F892
:101D200004485C692406FCD5D0F8004B19442243D2
:101D300042F08042C0F8002BD1F8082B9207FBD567
:101D40000222C1F8082BD3F8042842F48062C3F8B9
:101D50000428BAE7303E0108431E2DE9F74F5842E8
:101D60004FF00007214D0C465841214B4FEA411AD4
:101D70003E460001DFF87CB005EB411553F80080CA
:101D800008EB4113D3F81039C3F3C9494B1C08EBD6
:101D900003330093BBB2994503D8304603B0BDE886
:101DA000F08F08EB0A016B8BD1F8102992B29342A5
:101DB00028BF1346D1F818290BEA82029342ECD8C7
:101DC0001E446869B6B228B11A4600990BF042FE6B
:101DD0000137DFE72A6921464046019300F0FBFD09
:101DE0002A69019B1A442A61F2E700BF48140024C3
:101DF000303E0108FCFF030000F1FF3CF8B5DCF1C8
:101E0000000314462E4A0E4643EB0C031B01D55823
:101E100084F00102002942D12A4F37F81430402BB8
:101E2000194628BF40215B1A27F814300123C3F359
:101E3000090306EB021241EAC34305EB4212C2F862
:101E40001039D2F800391F46C3F3076CC7F30747B0
:101E50006CF07B0C07F00C076CF31F63042F07D1A9
:101E6000D5F80878FF054CBF43F0805343F000538A
:101E7000012CAF6CC2F8003910D179B13146FFF7AF
:101E80006BFF5EB1104B03EB46131B8B834205DDEA
:101E9000D5F83438B4401C43C5F83448F8BD04EBD9
:101EA0004101094B03EB01135F891989CB19013BF0
:101EB000B3FBF7F39BB2012B38BF0123B7E700BF99
:101EC000303E010840140024481400242DE9F04F4E
:101ED0000F46411E594A89B04B424FEA0718054642
:101EE000DFF864914B4188F0100800241B01D6589C
:101EF000B36CB36CC3F38323013303935FFA88F3AA
:101F0000029387F0010306EB432303F5106301936B
:101F1000029AD6F818382244D340DA0733D5019B09
:101F2000012F5FFA84FA03EB44124FEA441BD2F804
:101F30000880C2F808805FFA88F242D1D30708D53A
:101F40005CBB3F4A528842B33A4621462846FFF7D7
:101F500053FF18F0800F16D0D6F83438E340D80776
:101F600011D5B34451462846FFF7F6FEDBF8103989
:101F7000C3F312033BB90122D6F83438A24023EA56
:101F80000203C6F834380134039A09F12009E3B298
:101F90009A42BDD809B0BDE8F08F0721B9F81820E2
:101FA00005A88DF814508DF815106AF07F0107927E
:101FB00000228DF8181001218DF819200BF094FEE5
:101FC000C7E7110718D5D6F80039002B04DA00222C
:101FD00080212846FFF754FE06238DF814508DF813
:101FE0001530184B93E8030008AB03E90300012107
:101FF00005A80BF079FEC6E7D307C4D528F4FF4344
:1020000023F05F039BB2002BBDD144B90C4B1B885E
:102010002BB1224621462846FFF7EEFEB3E7B9F87A
:10202000083007228DF81450079300238DF81520EF
:102030008DF818A08DF81930D9E700BF303E01089F
:10204000401400242014002448140024084B03EBFF
:102050000013B3F90430002B08DB0122590903F007
:102060001F0302FA03F3034A42F82130704700BF0E
:10207000303E010800E100E00A4B03EB0013B3F926
:102080000430002B0DDB5A09012103F01F03994096
:1020900002F12003044A42F82310BFF34F8FBFF32D
:1020A0006F8F7047303E010800E100E0431E584248
:1020B0005841054B00011A58D2F8043823F00203A6
:1020C000C2F80438704700BF303E0108431E584232
:1020D0005841054B00011A58D2F8043843F0020366
:1020E000C2F80438704700BF303E0108421E01218B
:1020F000F8B553424FF0000605465341244A1B01F0
:10210000D458244B20461E605E6000F0A3FB32468C
:10211000014607462846A36C00F0A8FB064640B9D6
:102120004FF0E023D3F8F03DDB0700D500BE30468A
:10213000F8BDD4F800383FB3A26C23F0030302F0DB
:10214000C002802A01D143F4804343F004032846AF
:10215000C4F80038FFF7BAFFE368284623F0C0430D
:1021600043F08043E360236823F0D00343F0C003CF
:102170002360094BA2691343A361A36843F0810361
:10218000A360FFF793FFD2E743F00303DDE700BF4F
:10219000303E01084014002404300080431E094AE8
:1021A0005842D1715841084B00011B5831B10822E7
:1021B0005A619A6942F008029A6170479A6922F05E
:1021C0000802F9E740140024303E010870B58A88FF
:1021D0000C4689780646C2F30A02FFF78FFC0546D3
:1021E00040B94FF0E023D3F8F03DDB0700D500BE47
:1021F000284670BD21463046FFF7F6FCF8E70000A0
:10220000411E4A424A41F8B51201224B05469C58EC
:1022100003EB001300201F7A0BF092FE1E4B0020F0
:102220001E4A012198714FF00113C4F81C38CBB23B
:102230009F421AD904EB4113D3F80069002E05DA46
:10224000D3F8006946F09046C3F80069D3F8006BF4
:102250005087002E05DAD3F8006B46F09046C3F89D
:10226000006B508501312032E1E74FF48463236134
:1022700023699B06FCD410232361266916F01006FF
:10228000FBD12846FFF790FC3046BDE8F8400BF044
:1022900065BE00BF303E01084014002448140024ED
:1022A0002DE9F84F9DF8288001F00F0ACC09074668
:1022B00040469346994604EB4A050BF041FE104B0D
:1022C0002A0103EB05156E899EB143F802B0002385
:1022D000A5F808906B602B7B6B73BAF1000F02D1ED
:1022E000084B23F814900126224651463846FFF742
:1022F00083FD40460BF032FE3046BDE8F88F00BF4C
:10230000481400244014002407B5421E5342534190
:10231000094A1B01D258D2F8003823F4FE6343EA7D
:1023200001138021C2F8003800231A460093FFF7FA
:10233000B7FF03B05DF804FB303E0108421E38B51C
:1023400053420C465341054A1B01D5580122FFF761
:1023500097FC210700D1AB6C38BD00BF303E0108AF
:10236000431E58425841CB0901F00F0183F001038D
:10237000000101EB0311084B1B5803EB4113D3F889
:10238000002922F40012C3F80029D3F8002942F0F2
:102390008052C3F800297047303E0108411EB94AF7
:1023A0004B424B411B012DE9F04FD458054687B0F5
:1023B000A36966691E40F00473D54FF48053012071
:1023C00063610BF0BDFDA76C4FF490720021C7F361
:1023D0008327AD48FEF75AFD0023AC4A0137D3806E
:1023E00004EB43110133D1F8002B42F00062C1F835
:1023F000002BDAB2BA42F3D3002304EB4312D2F833
:102400000019002905DAD2F8001941F09041C2F80C
:1024100000190133DAB29742EFD84FF00113C4F834
:102420001C380923C4F81438C4F810384FF48463F6
:10243000236123699A06FCD410232361276917F0CE
:102440001007FBD12846FFF7AFFBD4F80038402235
:10245000012067F30A13C4F80038D4F8003923F0D8
:102460000303C4F80039D4F8003B23F00303C4F895
:10247000003BD4F80039C4F80039D4F8003BC4F864
:10248000003B814B5A835A81A36CD4F8103B43F034
:10249000C043C4F8103BA36943F4E013A3610BF0FD
:1024A0005DFDB3041ED54FF4005363614FF4006328
:1024B0006361A36943F40063A361D4F8082812F0B0
:1024C000060FC2F3410300F0CA809F1E7B427B418E
:1024D000012103A88DF80C508DF80D108DF81030E7
:1024E0000BF002FC30050FD54FF40063012103A867
:1024F0006361A36923F40063A36104238DF80C5086
:102500008DF80D300BF0F0FB002E0FDA4FF000438A
:10251000012103A86361A36943F40063A361052358
:102520008DF80C508DF80D300BF0DEFB71070CD5DB
:1025300067687A0708D50223012103A88DF80C509B
:102540008DF80D300BF0D0FB676033071AD50823E8
:102550004E4A6361A369D27943F40063A361D4F85E
:102560000838C3F30D231AB9A26922F00802A26148
:102570000322012103A88DF80C508DF80D2004933F
:102580000BF0B2FBF70619D5A36904F5805ADFF802
:10259000F8B023F01003A361276AC7F3434207F0A2
:1025A0000F09042A65D0062A5BD0022A76D0626918
:1025B000D006F1D4A36943F01003A361310303D51E
:1025C00000212846FFF782FC720303D5012128462B
:1025D000FFF77CFCF3023FD54FF480132A4E4FF0F7
:1025E0000008DFF8B4A0636148F2040BD4F808389F
:1025F000A76CC3F30029C7F38327013704EB481105
:10260000D1F800390AEA13425A451ED1C3F30042F9
:102610004A451AD1727F002A70D0013AB6F818C024
:102620007277728B0CEB02000138B0FBF2F0184AA3
:1026300002EAC04242EA0C02C1F81029B9F1000FC7
:1026400059D043F08053C1F8003908F10108203611
:102650005FFA88F3BB42D1D307B0BDE8F08F022305
:1026600036E7DAF800200B4B1A60DAF800205A60DF
:102670009DE704EB4919D9F8102B42F0C042C9F884
:10268000102B94E7303E0108481400244014002425
:102690000000F81F201400240C80FFFFC7F30A1766
:1026A0004FEA491847B10BEB080250683A46B8B1F7
:1026B00004F580510BF00DFA0BEB08025189B94279
:1026C0007FF675AFA0441189D8F8100B091A118153
:1026D000B9F1000F7FF46BAF154AA2F8009066E7DE
:1026E0005BF80810204600F057F95BF808203A44E0
:1026F0004BF80820E0E743F00053A4E768F07F01BF
:102700002846C9B2CDE90012FFF7BAFA00990723AB
:10271000019A8DF81010012103A88DF80C508DF846
:102720000D3005928DF811100BF0DEFA8DE700BF29
:10273000401400240369002BFCDA036C02699BB28D
:1027400042F00102026144F20922934206D8036971
:10275000DA07FCD40369002BFCDA704703699B009D
:10276000FCD5036923F0005323F0010343F0005329
:102770000361EFE7836BB1B943F4803383630C4BA0
:10278000984207D10B4AD2F8003123F08053C2F8A7
:1027900000317047084B984208D1064AD2F8003100
:1027A00023F08063F3E723F480338363704700BF33
:1027B0000000084000440258000004401D4B1E4A1F
:1027C0001B68934226D21D4A934225D81C4A934245
:1027D00024D21C4A934223D8A2F5DB12A2F5BA52A6
:1027E00093421FD8A2F5B712A2F5587293421BD894
:1027F000154A93421AD2154A934219D2144A934267
:1028000034BF0F230E23C26822F4705242EA83239E
:10281000C36070470623F6E70723F4E70823F2E7CF
:102820000923F0E70A23EEE70B23ECE70C23EAE7A2
:102830000D23E8E7640000240048E801DF9DA301C0
:1028400000366E013FA44C01807306010024F400A1
:10285000C0E1E400012906D0806CC0B23F2894BFDB
:10286000002001207047002070470000F8B5441E8A
:10287000464B1646464A6042604100011C58236C94
:102880006FF30F03934214D0424A934211D002F5E2
:10289000803293420DD04FF0E023D3F8F02DD107D2
:1028A00000D500BED3F8F03DDA0700D500BE002009
:1028B000F8BDA36823F00103A360E568002951D0A7
:1028C000A16C236DC3F30723402B01F0C00334BF79
:1028D00008271027802B3CD125F4681525F0C80562
:1028E00045F010052046E560C1F3811125F47055CF
:1028F000FFF740FFFFF71EFF102F14BF4FF41053D8
:102900004FF4A0531D43E56009B9FFF757FFE36893
:1029100043F00703E360D4F8003E23F00F03C4F84C
:10292000003E4FF48463236123699B06FCD410238B
:102930002361236913F01003FBD14FF0FF32626172
:102940006260A361E6B1A36843F02603A36001209F
:10295000AEE7102F0ABF25F0500525F0580545F0C9
:102960000805BFE745F0400325F47055204645F4BF
:10297000A255E360FFF7FEFEFFF7DCFEE560C4E76B
:10298000A36943F01003A361E1E700BF503E0108D3
:102990000000544F00003155F0B595080B4600F586
:1029A000805601EB8504A34211D1D6B212F0030286
:1029B0000CD000F58050036801F82530B10744BF02
:1029C000190A6170032A04BF1B0CA370F0BD37689D
:1029D00043F8047BE7E7F0B501319D0814460E0388
:1029E00002EB850700EB0131BC4209D1D9B213F0EB
:1029F000030304D0890708D412F825208251F0BDC2
:102A000054F804CBC1F800C0EEE7032B32F82520C0
:102A100004BFA37842EA0342F0E7000007B50020B4
:102A200004F0E2F9082269464FF4805004F06AF895
:102A3000F0B1009B03F16042B2F5003F0ED903F103
:102A40005C42B2F5002F09D903F15042B2F5902F44
:102A500004D903F14843B3F5803F0CD80198074BE4
:102A6000984208D910F1DF4F2CBF002301231840F2
:102A700003B05DF804FB0020FAE700BFFF0F0090F1
:102A80002DE9F0410024C0B00646002025468846C6
:102A900004F0AAF9A64204D8A8F8005040B0BDE856
:102AA000F081371B694604F58050B7F5807F28BF59
:102AB0004FF480773A4604F025F80028EED02846F7
:102AC0003A46694604F5807401F0D6FD0546E1E713
:102AD000014B1878704700BFC815002410B5044694
:102AE000002004F081F914222146002004F00AF8A5
:102AF00020B12068024BC31A5842584110BD00BF94
:102B00002047415410B50446002004F06DF94C22D2
:102B100021464FF4A05003F0F5FF20B12068024B8E
:102B2000C31A5842584110BD2052455673B5264E1F
:102B30002648FFF7E7FF04463046254DFFF7CEFF56
:102B400008B3B06800283BD07368224A904298BF0F
:102B5000B3F5805F14BF0123002374B31B4A926C4A
:102B6000C2B1904216D001461B4803F0DBFD174B63
:102B70009B6C53B1FFF752FF38B102201AE092B2BA
:102B8000164803F0CFFD002CF1D1FFF747FF88B1C5
:102B900001200FE0002BEAD100230DF10601ADF872
:102BA0000630FFF76DFFF268BDF8061093B28B4256
:102BB000E5D10320287002B070BD002BECD0E4E713
:102BC000002CE2D02346C9E7B41500246815002480
:102BD000C815002400F07F00262A0108492A0108B0
:102BE00008B5FFF7A3FF044B04491870044802F02E
:102BF00087F9012008BD00BFC8150024592D000821
:102C0000672A0108F0B5274E87B000243378ADF865
:102C10000240022B2AD1244B9D6C244B6A1E9A42FF
:102C200024D22946224803F07DFD204604F0DCF83A
:102C30000DF1020128464FF48057FFF721FF1D4B8D
:102C400001A91022204605940395CDE90137BDF86E
:102C50000230049301F010FD394605904FF010400A
:102C600002F0C6FC28B9144803F05CFD002007B050
:102C7000F0BD142201A94FF0104002F0D7FC08B9B2
:102C80000E48F1E7FFF752FF0D4B0E493070032855
:102C900018BF19460C4803F045FD3078C31E584252
:102CA0005841E4E7C81500246815002400F07F00AF
:102CB0006F2A0108204741548E2A0108A82A0108DA
:102CC000542901086C2A0108C22A01081D4B37B596
:102CD00000241B780194BBB1204604F085F804223F
:102CE00041F204000DEB020103F00CFF38B301992F
:102CF000154A01F1E043A3F58053934201D2CB077B
:102D000005D4124803F00EFD102003B030BD10486A
:102D100003F008FD01990F4803F004FD2046019DD2
:102D200004F0B0FB019801F08BFBFEF763FD01207E
:102D300004F05AF80028E7D0A8472046E5E7152018
:102D4000E3E700BFC815002400F07F00CE2A010889
:102D5000EB2A0108002B0108444B70B504469CB0D7
:102D60000FCB8DE80F002388012B22D0002623886B
:102D7000012B06D1636900203D499847054600288C
:102D80005DD135462388012B64D163690020394920
:102D9000984700285ED0384801F020FE6420FEF7F6
:102DA00070FDFFF793FF35481CB0BDE8704001F09F
:102DB00015BE636900203249984706460028D5D0E1
:102DC00080224FF000612F4801F008FE08224FF0EA
:102DD00010412D4801F002FE04224FF010412B4813
:102DE00001F0FCFD2A492B4801F0F8FDFFF79EFE9B
:102DF0001CAB03EB800050F8701C274801F0EEFD7F
:102E000004A8FFF76BFE40B10699244801F0E6FDE7
:102E1000BDF81C10224801F0E1FD09A8FFF772FE81
:102E20000028A4D012A91F4801F0D8FD0AA91E4805
:102E300001F0D4FD1B991D4801F0D0FD97E7FFF785
:102E4000E1FE1B4B1B49002808BF19461A4801F038
:102E5000C5FD97E73DB9194801F0C0FD184801F0DC
:102E6000BDFD1848A0E71CB070BD00BFD028010808
:102E7000F72B0108092C01080E2C01086435010804
:102E8000122B0108172B0108342B01085B2B0108BA
:102E900000100090782B01088D2B01089E2B010853
:102EA000AF2B0108C42B0108D52B0108E62B010824
:102EB000542901086C2A0108FB2B0108172C010872
:102EC000222C01082C2C010810B5114CD4F82C141C
:102ED000201D02F01FF9201D02F026F9D4F85C181D
:102EE00004F2344002F016F904F2344002F01CF906
:102EF00000F096F8074803F015FC2168064803F037
:102F000011FCD4F83014044803F00CFC012010BD6F
:102F100068000024372C0108B238010870B51A4C3B
:102F200000F0F4F823786BBB0123184E184D237082
:102F3000D6F82C34AB4206D102F090F818B105F067
:102F40007BFB012806D0134802F0FDF810B11148B0
:102F500000F010FAD6F85C38AB4207D00E4802F009
:102F6000F2F858B10C4800F005FA07E002F076F8E4
:102F70000028F3D005F060FB0128EFD100230120E9
:102F8000237070BD0020FCE7C915002468000024F0
:102F9000600900246C0000249C0400240120704778
:102FA00001207047F8B50B4F0C463D68C5F57E66AD
:102FB0008E423BBF084B01220E461A703EB10146BD
:102FC00006483246284435440DF000FE3D60204658
:102FD000F8BD00BFF8150024F0150024FC150024EE
:102FE000002307B501220DF1070105488DF80730D0
:102FF00001F001FB9DF8070003B05DF804FB00BF82
:10300000FC250024024808B501F025FB012008BD7D
:10301000FC250024014801F014BB00BFFC2500245E
:1030200008B54FF400720E490E4801F0B6FA0E4B87
:10303000002202201A600D4A0D4B114613600D4B01
:1030400053600D4B93600D4BD3600D4B13610D4BD3
:10305000536104F033FF01200B4B187008BD00BF13
:1030600010260024FC250024F8150024CC1500248B
:103070009D2F0008A12F000815300008053000081A
:10308000E12F0008A52F0008E9150024174B1B7835
:1030900073B506460C4615460BB9FFF7C1FF144B36
:1030A000144A1E6000231360134A1360134A1370FE
:1030B0000122134B1A70FEF7F2FB124B2A462146EF
:1030C0001860114801F072FA25B12C4414F8013C43
:1030D0000D2B08D00D2301220DF107010A488DF8B0
:1030E000073001F063FA012002B070BDE915002439
:1030F000EC150024F8150024F4150024F015002424
:10310000E8150024E4150024FC2500240F4B1B784F
:1031100013B5C3B10E4C2378ABB1FEF7C0FB0D4B1A
:103120001B68C01AC7280ED90B4801F08AFA40B9AB
:103130000D2301220DF1070107488DF8073001F03A
:1031400035FA0023237002B010BD00BFE91500243A
:10315000E8150024E4150024FC25002410B5074BD5
:10316000074C1B6822689B1A994228BF1946054BD9
:1031700013440A4403600846226010BDF815002479
:10318000F4150024FC150024044B1868044B1B683C
:1031900098422CBF00200120704700BFF415002486
:1031A000F81500240E490B7870B5C3B10D480568B9
:1031B00005F11B04B4F5805F0FD80B4A0B4B2B4471
:1031C00002F1180552F8046BAA4243F8046BF9D1D6
:1031D000158892781D809A70046000230B7070BD72
:1031E000F0150024F81500245B2C0108FC150024C0
:1031F0000023044A1360044A1360044A1370044A0B
:1032000013707047F8150024F4150024F0150024FD
:10321000E81500240120704710B5064C23783BB90F
:103220004FF400620449054801F0B7F90123237007
:1032300010BD00BF102800242828002414280024D2
:1032400008B5FFF7E9FF012008BD0000002307B51E
:103250008DF80730FFF7E0FF01220DF10701044868
:1032600001F0C9F99DF8070003B05DF804FB00BF49
:103270001428002408B5FFF7CFFF024801F0EBF94E
:10328000012008BD1428002408B5FFF7C5FF024837
:10329000BDE8084001F0D5B9142800242DE9F0411B
:1032A00090B00F46164605F051F9044688BB2046FB
:1032B00010B0BDE8F081351B3F2200210DF1010067
:1032C0003F2D28BF3F25FDF7E1FD39190DF1010024
:1032D0002A468DF800500DF079FCFEF7E0FA8046A2
:1032E00000200BF085FD58B1002140236A460846B6
:1032F0000BF09AFD0028DAD02C44A642DBD8D6E7A2
:1033000005F02AF9FEF7CBFAA0EB08006328E7D90D
:10331000CDE70024F1E7000038B50C460546FFF77D
:103320007BFF74B12A78691C06483F2A28BF3F22D8
:10333000A24224BF04F1FF34E2B2BDE8384001F0FC
:1033400035B938BD142800240120704708461146BD
:1033500001F0AABE01F096BE08B501F089FE08B9D9
:10336000012008BD01F08EFEF7E701F081BE0120CB
:10337000704700002DE9F04F468ADBB00446D0F8D4
:103380002474C58A112E00F2DF81DFE816F01200E6
:10339000410072009700A800D500F40059016501B2
:1033A0006501DD01DD01DD01DD01DD01DD019101F1
:1033B000BB01642200211BA84FF40015FDF766FD38
:1033C000B14B4FF000614FF400001A934FF40033FB
:1033D000CDE91C134FF01043AC491E9303F5805305
:1033E0001F934FF48053CDE92003A94B24A8CDE9C6
:1033F00022530DF0E3FBA7492CA80DF0DFFB682357
:10340000002200936B441146204601F06DFF37E126
:1034100007AF02AD4C2200213846FDF737FDFFF71C
:1034200085FB38702846FFF759FB18B1049B7B6079
:10343000059BBB601AA8FFF765FBA0B123AE0AADE0
:103440000FCE0FC596E80F001BAE85E80F000FCE1C
:1034500012AD0FC596E80F0085E80F00002387F82E
:103460002B3087F84B304C230022012100933B4640
:10347000CAE7032D1CD93E68731EB3F5001F19D28D
:103480004FF480514FF0104002F0B2F8A0B1824BDF
:103490000025314681481E60814B1D6003F042F9D2
:1034A000284600F0B3FF2A46002302210093ABE731
:1034B0000A22F9E70D22F7E70C22F5E7764B1968A7
:1034C00000290ADD774802F093F800280CBF0C228F
:1034D000002200230321009396E70A22F9E7032D37
:1034E00024D96D4E3368002B20DD2A1F386815184B
:1034F0009D421DD800F11040391D00F5805002F0AA
:1035000095F8B8B1664B1A6895420AD964201D60D7
:1035100032680023A5FB0001FDF772F9C0B200F08C
:1035200075FF00220023042100936DE70A22F9E7CA
:103530000D22F7E70E22F5E7072D14D97D68B5F5C2
:10354000807F14D838684319B3F5000F0FD82A4686
:103550001AA900F1104001F0AFFF50B11AAB0022E0
:103560000095052150E70A2200230093F9E70D2278
:10357000FAE71522F8E7DFF820A1DAF80030002B8F
:1035800058DDDFF81C91D9F80030002B52D000270D
:10359000B8463D46D9F80060BE421CD90DB115258C
:1035A0003DE0F61B07F110401AA9B6F5807F00F543
:1035B000805028BF4FF48076324601F07DFF40B145
:1035C000404632461AA901F057F8804607F5807741
:1035D000E0E71525FAE7002DE1D107AF324B4FF4B4
:1035E000805B1022394628460B95CDE9073BCDE993
:1035F000096801F041F859460B904FF0104001F076
:10360000F7FFC8B1142239464FF0104002F00EF80F
:10361000A0B14246D9F80010244803F083F84FF0D7
:10362000FF33CAF8003000F0FFFE00232A460621CF
:103630000093E9E60A25F2E70C25F0E70E25EEE710
:10364000FFF774FAB0FA80F201211AAB5209187030
:10365000009107211201D7E6FFF768FA034618B96F
:10366000102200903146CFE60023314620461A460C
:10367000009301F039FE6420FEF703F9FFF726FB03
:1036800001205BB0BDE8F08FAAAA5555772C010840
:103690000400FFFF872C0108F8090024912C010881
:1036A0002C3200240010009020474154A92C01081E
:1036B00001F020F92A46394680462046FFF7E6FC0D
:1036C000002000F087F80021022001F0EBF8FEF75F
:1036D000E6F80546FEF7E3F8431BB3F5967F06D2FE
:1036E00001F080FA022004F0A1FC0028F2D101F0E0
:1036F00079FA0021404601F0D5F8012000F06AF87F
:10370000FFF750FD0DF168084FF40071104F40466F
:10371000FFF724FD0546FFF737FD03462A4601352E
:1037200038461A99ADB200F8013B0DF04FFA3B460E
:10373000002231462046009501F0D6FD3B78002B53
:103740009ED1FFF755FD9BE700230A22009389E7EE
:103750002830002408B5054B4FF4E131187801F00A
:10376000A1F801F0B1F8012008BD00BF30320024FB
:10377000164B1B7810B53BB301F034FA144C01F032
:103780006DFCD8B104F058FF012817D1207000203B
:1037900004F04CFC08B10023237001F0ABF823784F
:1037A000984211D04FF4E131184601F07BF82078AF
:1037B0004FF4E131BDE8104002F07CBF2378012BCB
:1037C00004BF00232370E2E710BD00BFFC09002402
:1037D00030320024014B1870704700BFFC090024F0
:1037E000F8B50388012B18D1436900200D4998478B
:1037F00098B10D4D00240D483027296801F0EEF8EE
:103800006E682B689C4200DBF8BD07FB0462214612
:103810000748013401F0E2F8F3E70648BDE8F84054
:1038200001F0DCB8122B010834320024CB2C010843
:10383000DB2C0108E72C01082DE9F843224A30214E
:10384000224B0125224C9B1A22482F46B3FBF1F351
:10385000C4E9003202F066FF21681F4802F062FFEF
:103860001E4802F05FFF0026DFF8889017E04FF057
:103870003008616808FB06F8414491F82020BA42FC
:103880001AD14B6A53B198476168154A05404144C3
:10389000002818BF4A46134802F044FF0136236847
:1038A0009E42E4DB0137042FDDD10F490F4801F0C0
:1038B00027FB2846BDE8F883531E022BEED90C489F
:1038C000002502F02FFFE9E70812002498120024D7
:1038D00034320024F92C01080C2D01081F2D010899
:1038E000F42C0108332D0108E13700085D2D010893
:1038F000412D01086C2A010870B50024074D3026BF
:103900002B68A34201DC012070BD6B6806FB043309
:103910009B6A0BB1002098470134F1E73432002450
:103920002DE9F041264FC6B03B68002B44D100245E
:10393000204646B0BDE8F081641B05F1104006A9A1
:10394000B4F5807F00F5805028BF4FF48074224684
:1039500001F0B2FD0028EAD03046224606A905F55E
:10396000807500F089FE06463C68AC42E4D801ADA3
:103970000020144B4FF48058294610220590CDE9C1
:103980000138CDE9034600F077FE414605904FF03F
:10399000104001F02DFE0028C9D0142229464FF016
:1039A000104001F043FE04460028C0D0324639687A
:1039B000054802F0B7FEBBE700252E46D4E700BF5E
:1039C0008432002420474154642D010810B5124B65
:1039D0000124002140221C70104B11481970114B1A
:1039E0001970114B1970114B1960114B1970FDF7BB
:1039F0004DFA104802F096FE0F49104802F092FE70
:103A00004FF400610E4802F08DFE0E490E4801F0A1
:103A100077FA204610BD00BF8F3200248E3200247A
:103A2000413200248D3200248C3200248432002460
:103A3000813200248B2D01080400FFFF9B2D01081B
:103A4000B32D0108613A0008CA2D0108024B18780D
:103A500008B9024B187870478C3200248E3200244B
:103A600008B50388012B25D14369002014499847E4
:103A700000B31449144800F0B1FF4FF4006113483B
:103A800000F0ACFF1021124800F0A8FF00F086FA09
:103A9000104B1149002808BF1946104800F09EFF3E
:103AA000FFF7D4FF0E4B01460E481A78BDE80840D8
:103AB00000F094BF0C48BDE8084000F08FBF00BF85
:103AC000122B01080400FFFFDA2D0108EE2D01087A
:103AD000012E0108CE2D0108D22D01081C2E01084F
:103AE000813200242C2E0108442E0108014B187845
:103AF000704700BF81320024014B01221A707047C9
:103B00008D3200242DE9F04F664B15460A6885B0CA
:103B10000C469A421ED103F114434A6803F52C1354
:103B200003F602339A4215D1D1F8FC215E4B9A423A
:103B300010D18B6823F4FF5323F01E039B049B0CCE
:103B4000B3F5005F06D1C969584A914205D058487B
:103B500002F0E8FD4FF0FF3099E0DFF86C91554E30
:103B600099F8003043B133688B4205D1A269E2B1C4
:103B70002B68D3B19A4218D04FF4836200212846B3
:103B8000FDF784F9402200214B48FDF77FF900231F
:103B90004A4AA16913604A4A4A481370012389F8C6
:103BA0000030E369336002F0BDFDA36942F26202B6
:103BB000591E914215D82B60636942F26302934209
:103BC00012D803F00702012105EBD30391405A7A82
:103BD000C8B211422CD102435A726B6801336B6038
:103BE00002E02B68002BE7D1D4E903A20AEB02081C
:103BF000B8F5001F44D808F1FF334FEA1A37DFF851
:103C0000B8B01B0B0193019BBB4216D20AF11040C6
:103C100004F1200100F5805001F008FD80B3274B2E
:103C20001A68904501D9C3F80080002002F07EFC9C
:103C30002A687ABB4FF4007029E0012307F00706D9
:103C4000B7F5007F03FA06F64FEAD703F6B217D2AC
:103C50001BF8031003930E4210D138034FF4805128
:103C6000029200F11040084401F0C2FC40B1039BF5
:103C7000029A1BF803100E430BF803600137C2E7EA
:103C800001236FF001002B72002389F8003005B08A
:103C9000BDE8F08F6B6864214B43B3FBF2F3084A35
:103CA0001370C7E75546320A306FB10A0400FFFFB0
:103CB0004E2E010888320024413200248432002430
:103CC000813200246A2E01088C320024037A2DE907
:103CD000F041044673B90C4F3E789EB9FFF720FEC1
:103CE000DFF82C80054640B9084802F01BFD88F833
:103CF000005025600020BDE8F081012388F80060B5
:103D000026603B700120F6E78E320024862E0108E3
:103D10008C3200241B4B1B7810B593B11A4C2378BE
:103D2000012B0FD0022B17D05BB9184B1B7813B99E
:103D3000174B1B782BB1FDF7B2FD164B1860012312
:103D4000237010BDFDF7ABFD124B1B68C01AB0F518
:103D50007A7FF6D30223F3E7FEF7E8FE40B10E4880
:103D600002F0E0FC4FF49670FDF78BFDFEF7AEFF1E
:103D70000A4802F0D7FC0023044A1370044A137067
:103D8000DEE700BF8F320024403200248E32002450
:103D90008D3200243C3200249C2E0108AE2E0108F6
:103DA00070B5444B9EB0444A4FF40071434802AC96
:103DB0000BF0BAFF424B434A40F2ED1142480BF080
:103DC000B3FF424B424A40F2D71142480BF0ACFFDE
:103DD000414B424A4FF4E17141480BF0A5FF4FF4CB
:103DE0000063404A4FF4D6713F480BF09DFF3F4BB4
:103DF000324D0FCB84E80F00FEF798FE1EAB3C4A15
:103E000040F2971103EB800050F8703C39480BF0FA
:103E10008BFF041E40F2FF130BA8CCBF693469244A
:103E20009C4228BF1C46FEF76DFEF8B114ABC4F5EA
:103E300000712819304A009320230BF075FF0028E9
:103E400040F2FF160CABC8BF24182B4A0093202366
:103E5000B44228BF3446C4F5007128190BF064FF42
:103E60000028C8BF2418B44228BF344606A8FEF76D
:103E700035FE78B1099BC4F5007128191F4A0093DB
:103E8000089B9B0A0BF050FF40F2FF1304449C4236
:103E900028BF1C46C4F500712819194A24340BF0B8
:103EA00043FF184B40F2FF12944294BF1C601A600B
:103EB0001EB070BD772C0108C42E0108AC3600245A
:103EC000CB2E0108D62E0108BF360024872C01080E
:103ED000E52E0108D53600240400FFFFF42E01086A
:103EE000EA360024072F010800370024E0280108E3
:103EF0001B2F0108153700242A2F01083B2F01082A
:103F0000592F0108A8360024F0B589B00E461C4C84
:103F10001C4904AF04F1080E08683D4689880290E8
:103F2000ADF80C102068083454F8041CBC467445E5
:103F3000ACE803006746F5D1217920682C468CF85F
:103F400004101149CCF800004FF0203001910F49C6
:103F5000A6F80510F171D0600298D9709DF80C1088
:103F60003060317103CC1060206851609060BDF802
:103F700004109DF8062019809A7009B0F0BD00BFAA
:103F80007E2F01088B2F0108312E300020202000C9
:103F9000014B1870704700BFFD090024014B1878D1
:103FA000704700BFFD090024054B10B51C7824B9EB
:103FB00023463A2202210BF027FA204610BD00BF0B
:103FC000FD0900244FF400430B604FF4007313808D
:103FD00070470120704708B513B10AB9FFF78CFD8F
:103FE000012008BDF8B51E462F4B0F4614461B781E
:103FF000069D33B93A2202210BF006FA4FF0FF304A
:10400000F8BD2A4600213046FCF740FF77B9B4F5E9
:10401000007F09D2C4F500722449AA4228BF2A466B
:10402000214430460CF0D2FD2846E9E727F0800312
:10403000012B09D1B4F5007FF6D2C4F500721C49FA
:10404000AA4228BF2A46EBE740F201139F421BD148
:10405000FFF7A6FE174B1849B4F5007F1B684FEA1F
:10406000132281F83C3081F83D204FEA13424FEA99
:10407000136381F83E2081F83F30D5D2C4F5007239
:10408000AA4228BF2A46CBE740F221139F42CBD158
:10409000FFF786FE074B1A68A242C5D9121B0749D3
:1040A000AA4228BF2A46BBE7FD090024FE0D0024D2
:1040B000FE0B0024A8360024FE090024AC360024A0
:1040C000F8B51F460F4B0D46069E1B78BBB93A222A
:1040D00002210BF099F94FF0FF300FE00230FAD0D7
:1040E000013504F50074B44207EB040105D2064A19
:1040F0002846FFF707FD0028F0D12046F8BD002430
:10410000F1E700BFFD090024903200240648037A3D
:1041100013B1064802F006BB036823B1426893421C
:1041200001D8FFF7D3BD704790320024912F0108CA
:1041300008B50B78352B09D0912B07D0002320220E
:1041400005210BF061F94FF0FF3008BD0020FCE7BE
:104150002DE9F0414F4B8AB04F4F03AC93E8070075
:104160000C3384E807000FCB0AAC04E90F00FEF71C
:10417000AFFCD7F800800546002001F0FDFB0120D0
:1041800001F0DCFFB8F1000F43D04FF47842434B0D
:10419000022104200093AC00414B01F07DFE002081
:1041A000404E01F0CBFFB8F1000F36D03B684FF422
:1041B00078421821042000933B4B01F06DFE04F17E
:1041C000280348F2104224210DEB0304042054F884
:1041D000103C0093324B01F05FFE3178334A0420EB
:1041E000334B002918BF13464FF6E0723421009379
:1041F0002B4B01F051FE4FF478430093A022032390
:104200004D21002001F0EBFD0AB0BDE8F04101F0C6
:10421000C3BC4FF4FC62274BBAE7274B4FF6FF7243
:104220001821042000931E4B01F036FE234B0AAAEE
:1042300024211B78042002EB830348F2104253F838
:104240001C3C0093164B01F027FE3378F3B14FF678
:10425000E0721B4B3021042000931A4B01F01CFE2E
:1042600004F12803002D4FF03C010DEB03044FF047
:10427000040014BF4FF4FC624FF4784254F8103C31
:104280000093074B01F008FE1F23B6E748F21042E7
:104290000D4BDFE7F0280108B4380024C22F0108D5
:1042A00024350108B8380024F62F0108D62F01085C
:1042B000E72F0108CC2F0108872C0108FF0F0024ED
:1042C0001F3B0108FC2F01081A2F010810B5064BEF
:1042D00001241C70FFF73CFF01F086FC642001F014
:1042E0002BFB204610BD00BFBB3800243A4B1B7887
:1042F00073B5002B6ED0394CFDF7D1FA2368C01A84
:10430000632867D9FDF7CBFA206001F03DFC002857
:1043100060D0FFF79BFB00284BD1314B1C78FFF797
:1043200095FB002847D0FFF7E1FB002C46D02D4B32
:104330001A7882424ED0642818704FF001052A4B3B
:1043400028BF64201D706423C6B206EBC6000401BA
:104350000020B4FBF3F401F00FFB284601F0EEFE61
:104360000421224B4FF6E072084601F095FD204BE8
:104370004FF6FF7204217020009601F08DFD03239B
:104380004FF6FF722C210620CDE900321023942233
:1043900001F0A6FC44B14FF4FC6322B22E210820A8
:1043A00000930C2301F01BFD02B0BDE8704001F04A
:1043B000F3BB0124B3E70F4B1878B6E70A4B1A7822
:1043C00042B11C70FF22074B1A7002B0BDE870406A
:1043D000FFF7BEBE02B070BDBB380024B038002469
:1043E000BA380024FE0F0024AC3800240A3001083B
:1043F00013300108B9380024024B1870024B1970B1
:10440000704700BFFF0F0024B8380024044B01227E
:1044100064281A7028BF6420024B1870704700BFD0
:10442000BA380024B9380024014B00221A707047B2
:10443000BA380024014B1860704700BFB43800241C
:1044400030B5294B9BB0054603AC0FCB84E80F0079
:10445000FEF73EFB0446002001F08EFA012001F039
:104460006DFE224B4FF4FC620221042001F014FD8A
:10447000002001F063FE07A8FEF744FB60B310AB19
:104480004FF6FF721A2104200093194B01F004FD2E
:1044900008AB48F21042262100930420144B01F08F
:1044A000FBFC1AAB01954FF4FC62342103EB84044E
:1044B000042054F85C3C00930E4B01F0EDFC4FF4EB
:1044C000FC63A0224D2100200093032301F087FC10
:1044D00001F08AFB1BB030BD074B4FF6E0721A218A
:1044E000042001F0D9FCDCE70C290108193001088F
:1044F000213001083730010827300108DFF838D0B3
:10450000FDF7F0FAFDF77CFA0C480D490D4A00233F
:1045100002E0D458C4500433C4188C42F9D30A4A78
:104520000A4C002301E013600432A242FBD3FCF7E3
:10453000B5FCFDF7D8FA70470000082400000024FD
:104540009812002418730108A0120024C0750024DA
:10455000FEE71EF0040F0CBFEFF30880EFF30980B5
:10456000FDF7CCB91EF0040F0CBFEFF30880EFF39A
:104570000980FDF7CDB91EF0040F0CBFEFF30880E2
:10458000EFF30980FDF7CEB91EF0040F0CBFEFF377
:104590000880EFF30980FDF7CFB903460020C3E997
:1045A000000001209A60C3E903017047F0B50026BE
:1045B000964201D10120F0BD056884686B1CB3FBF5
:1045C000F4F704FB173344689C4212D0046944B1E9
:1045D00039B1C76807FB05440025C768AF4203D857
:1045E000394401360360E3E74F5D013504F8017B90
:1045F000F3E70020DFE770B50025954201D10120E7
:1046000070BD03694BB141B1C468466806FB043311
:104610000024C668A6420DD83144D0E90043A34225
:104620000DD0013384680135B3FBF4F604FB163377
:104630004360E2E713F8016B0E550134E9E700200F
:10464000DEE782680368416813445B1AB3FBF2F04B
:1046500002FB103070470023C0E9003370470000B0
:104660000288044B81EA122133F8113083EA0223D5
:1046700003807047703E010837B50C468D18ADF8C1
:104680000600AC4203D1BDF8060003B030BD14F8FB
:10469000011B0DF10600FFF7E3FFF2E74FF6FF7392
:1046A00001F11C02012010B5CB8080240B461C7246
:1046B0000233D8719342FAD14FF6FF738B8410BD49
:1046C00002780631064B203AD2B203EB021303F113
:1046D000100253F8040B934241F8040BF9D17047D0
:1046E0007040010870B50C46064620220021A01D2E
:1046F000FCF7CCFB0023A38033780BB10A2B04D149
:1047000004200123A080638070BD1A0616D572783C
:104710001B043046214643EA0223B27813430C4A75
:104720001A440C4B9A424FF00103A38094BF032319
:1047300002236380FFF7B2FF0120E5E70225012392
:1047400030462146A5806380FFF7BAFF2846DBE7A5
:10475000804F15FF30EF0200411E002210B511F806
:10476000013F5BB1A3F161040132192C9CBF203BD6
:10477000DBB2102A0B70F2D10023C37310BD00000E
:10478000054BB3F87826824286BFD3F87C3653F8BF
:1047900020000020704700BFBC380024094A08B53B
:1047A00003460846B2F87816994209D9D2F87C2611
:1047B00052F82310FCF73EF8B0FA80F0400908BD2B
:1047C0000020FCE7BC380024074BB3F8782682426F
:1047D00006D9D3F87C36002153F820000CF0CCB871
:1047E0009FED020A704700BFBC38002400000000A3
:1047F000074BB3F87826824207D9D3F87C360022DB
:1048000053F8200011460CF073B90020704700BF28
:10481000BC38002438B51F4C054694F89731A3B333
:1048200094F8F1231AB11C49207803F0ABFC94F8FA
:10483000F2231AB11949207803F0A4FC012D94F851
:10484000973123D194F894211AB194F8962184F8E1
:10485000952194F9951119440139114891FBF3F20E
:1048600003FB12114BB2C9B284F89531432303FB09
:1048700001411A4601F5CC710CF0A8F994F8F23315
:1048800084F8F133002384F8943138BD94F99511FC
:104890000131E2E7BC38002481300108873001088B
:1048A0006C3C002410B5074C237A207013B1626869
:1048B0008A4205D021B1616003F00EFB03462072ED
:1048C000184610BDBC38002410B5074C237A4BB1F4
:1048D0000649207803F056FC20780549BDE81040D1
:1048E00003F050BC10BD00BFBC3800248D3001085F
:1048F00090300108014B1878704700BFBC38002485
:10490000224B5B7A70B50446002B3ED090F8F12321
:1049100004F5CC761E490025C07A03F033FC94F8E8
:10492000F2231C49E07A03F02DFC94F8F0231A4995
:10493000E07A03F027FC04F56C721849E07A03F082
:1049400021FC94F995211649E07A03F01BFC94F8B8
:1049500096211449E07A03F015FC94F89721124946
:10496000E07A03F00FFC94F89731E07A9D4204DB83
:104970000E49BDE8704003F005BC33462A460C4999
:104980000135433603F0FEFBEDE770BDBC38002473
:1049900096300108A4300108B2300108C030010887
:1049A000CE300108DC300108EA300108192F010877
:1049B000F8300108014B187803F038BBBC380024EC
:1049C000014B187803F07ABBBC380024024B0A462E
:1049D0000146187803F0A4BBBC3800240FB407B517
:1049E00004AB4FF48071084853F8042B01930BF08B
:1049F000FFF90549024611F8110C03F091FB03B0D1
:104A00005DF804EB04B07047CD38002470B50E4C4F
:104A100000250E48A4F57E76FFF7E0FF0C48FFF76F
:104A2000DDFFB6F8F433AB4204DC0A48BDE8704061
:104A3000FFF7D4BF20460135FFF7D0FF03481434F9
:104A4000FFF7CCFFEDE700BFB43C0024182F0108AE
:104A5000073101082731010803882DE9F3472BB9F5
:104A60002B4802B0BDE8F047FFF7B8BF012B446800
:104A700015D00022606811460CF03AF80646002274
:104A80002068002511460CF033F8044621482746DB
:104A9000FFF7A4FFB54204DB02B0BDE8F0871026A3
:104AA000EDE715F0030803D139461B48FFF796FFE1
:104AB00039681A48FFF792FFB8F1030F21D104F1CA
:104AC000100A1748FFF78AFF23680DF104094FF019
:104AD0000008019319F8011BA1F120035E2B13D8E4
:104AE0001048FFF77BFF08F10108B8F1040FF1D17E
:104AF00004345445E8D10C48FFF770FF0120FCF75F
:104B0000C0FE04370135C5E70848FFF767FFEAE74D
:104B1000473101086F3101085B3101083C30010861
:104B200065310108693101086E3101086C310108F5
:104B30002DE9F341264E002401AA264906F56C70A2
:104B4000A6F81241C6F8144106F58A780CF02DF843
:104B5000234605465F1C9BB26DBBA6F812313BB3E2
:104B60001D48FFF73BFFD6F81401FFF7F5FD1B4F7B
:104B70000123B6F8F483D6F81441B372454515DA2B
:104B8000394620461437FBF755FEF0B9B6F8123116
:104B90001348013BC6F87C0600F5AC60A6F87836F1
:104BA000142303FB0564D4F8083498470023B37238
:104BB00002B0BDE8F08148F8235001AA0549002061
:104BC0000BF0F3FF3B460546C4E70135D6E700BFCF
:104BD000BC38002474310108182F0108B43C0024AB
:104BE000D4390024F0B5B64C85B0277A002F00F0F8
:104BF000EA80207803F01AFA002800F0E480207898
:104C000003F05CFA227C8DF80700002A40F09F80B8
:104C10001B2800F0D3804ED8082800F0A5800D286E
:104C200063D094F8F25394F8F0336A1C9A4280F2FD
:104C3000C78094F8F163B5421AD101220DF1070142
:104C4000207803F06DFA94F8F25394F8F16301358B
:104C50009DF80720A3190136EDB283F8B023F6B210
:104C60006319002284F8F25384F8F16383F8B023C7
:104C7000AE426CD2AA1B05F56C7105F2B13001355C
:104C8000D2B2EDB2891A801A214420440BF03AFFC7
:104C9000A3199DF80720013684F8F253254483F8C0
:104CA000B02300238749207884F8F16385F8B03376
:104CB00003F068FA4BE07F28B3D194F8F12394F81D
:104CC000F2339A427CD2991A02F56C720120C9B271
:104CD0002244884243DB013B00227B49DBB284F85B
:104CE000F233234483F8B0232EE094F8F233FBB17F
:104CF00094F89651432304F56C7103FB05401A4662
:104D000000F5CC700BF062FF94F8973184F8955160
:104D10000135072B05F0070598BF013384F896513C
:104D200098BF84F89731012384F89431FFF700FF8E
:104D300000236649207884F8F23384F8F13384F84C
:104D4000B03303F01FFA6249207803F01BFA237C8A
:104D5000013B032B34D8DFE803F031393BB1557800
:104D6000013002F8015BB4E794F8F25394F8F16370
:104D70002DB92EB3731E574984F8F133E4E7FEB121
:104D8000B54207D1731EDBB284F8F233234483F8B3
:104D9000B023EFE7EED9AA1B013D06F56C7106F2D0
:104DA000AF30EDB2D2B2214420440BF0ABFE002371
:104DB00084F8F253254485F8B033DBE702232374EB
:104DC0003F48FFF79DFD384605B0F0BD0323F6E7E9
:104DD0009DF807200023442A237410D194F8F1335E
:104DE00083B3013B8DF80A2002A9032284F8F13332
:104DF00045F61B332078ADF8083003F091F99DF8A3
:104E00000720432A13D194F8F13394F8F21399420E
:104E100023D901338DF80A2002A9032284F8F13343
:104E200045F61B332078ADF8083003F079F99DF88A
:104E30000730412B06D10120FFF7ECFC26492078F2
:104E400003F0A0F99DF80730422B06D10020FFF7B0
:104E5000E1FC2149207803F095F99DF80730312BCA
:104E60000AD194F8F1231D49207803F08BF900232F
:104E700084F8F133042323749DF80730342B9FD139
:104E800094F8F13394F8F223934205D2D21A1449DC
:104E9000207892B203F076F994F8F12394F8F23383
:104EA0009A4205D9D21A0D49207892B203F06AF9D4
:104EB00094F8F23384F8F133042380E700237EE78B
:104EC000BC380024833101087E3101088D3001088F
:104ED000903001087B3101086C3C002481300108CE
:104EE0008E31010808B5FCF7F3FA044B187803F08B
:104EF0009DF8B0FA80F0400908BD00BFBC3800241E
:104F000070B50E4D0E46B5F8F4431F2C14D814237B
:104F100001465C4304F57E732C442B4418460BF089
:104F20004DFEC4F80864FFF717FCB5F8F433012010
:104F30000133A5F8F43370BD0020FCE7BC38002431
:104F400008B512490022124B1248C3F880161249C4
:104F50001A81C3F8841611499A72C3F88816104949
:104F60001A74C3F88C163F21C3F89421A3F8F013E8
:104F70000C4983F8F22383F8B023FFF7C1FF0A49F5
:104F80000A48FFF7BDFF012008BD00BFF147000838
:104F9000BC38002494310108C94700088147000843
:104FA0009D4700080D4A0008594A00089931010838
:104FB00001460148FFF712BD9C3101080146014836
:104FC000FFF70CBDA231010810B50A4C2378012B64
:104FD0000ED00022084B114601321970D960082A00
:104FE000C3E9011103F11403F6D10120207010BDB3
:104FF0000020FCE74C3F0024503F0024104A136877
:1050000070B501330F4C00250F4E13603388AAB2E0
:105010009BB2934213D92378012B0CD16368013BD7
:10502000636043B96278012A08BF2370A368636094
:10503000D4E90330984701351434082DE6D170BD0A
:10504000F43F0024503F0024F03F0024012070472B
:105050000120014B18707047F83F002408B503F099
:1050600075FA20B10020BDE8084009F0A3BC08BDD6
:1050700008B503F06BFA20B10020BDE8084009F044
:10508000B9BC08BD07B503F061FA40B101220DF1CA
:105090000701002009F0B8FC20B19DF8070003B01B
:1050A0005DF804FBFF20FAE7F8B507460D46FFF769
:1050B000D5FF0446C0B1FCF7F2FB00240646AC4223
:1050C0000FD203F049FA2A1B3919002009F0A8FC75
:1050D0000444FFF7C3FF20B1FCF7E1FB801B63280A
:1050E000EDD9002009F0A8FC2046F8BD07B503F073
:1050F0002DFA20B10020694609F070FC009803B039
:105100005DF804FB08B5FFF7F1FFA0F5E133584265
:10511000584108BD00F12303C160C0F824340123C5
:10512000038000238370704710B50446C06848B1FF
:10513000D0F88030984700236070A370FCF7AFFB75
:105140006060012010BD2DE9F041467804461EB98B
:1051500000263046BDE8F081C7684FF00008D7F858
:105160008830384698470028F2D0D7F89030384633
:1051700098470546FCF793FB6368C01A632888BF0D
:1051800084F80280FCF78BFBA37860600A2BE6D8DA
:10519000DFE803F0060C171D232C323B4156650057
:1051A000022DDCD101232576A370D8E7FD2D05D192
:1051B0000223A370237E033B2376D0E70023A37052
:1051C000CDE7237E25742B4423760323F7E7237E44
:1051D00065822B4423760423F1E7638A43EA05239F
:1051E0006382237E2B4423760523E8E7237EA58272
:1051F0002B4423760623E2E7A38A43EA0523A3820E
:10520000237E2B4423760723D9E7237EE5822B4494
:1052100023760823D3E7E38A227E43EA05232A4440
:105220009BB22276E382C3B1B3F5806F03D800232B
:10523000A3600923C3E72023A3820023A37088E788
:10524000A368D4F82424D554237EE28A2B44237601
:10525000A36801339342A36081D10A23AFE7237E81
:1052600065765B42DBB2AB422376E6D02123E3E7EF
:10527000F8B504464078079D80B36277120AE37759
:105280001B0AA2774FF6025684F8203022462B0ADA
:105290002177E068668384F8215002F8223F069B5C
:1052A00059198B421BD105F10A0604F11901093580
:1052B00000230A4611F8017F183A3B44121BDBB267
:1052C0009542F6D85B422544324604F11A01AB768A
:1052D000D0F894309847331A58425841F8BD13F823
:1052E000016B02F8016FDCE713B5049CCDE90034D3
:1052F00013460A460121FFF7BBFF02B010BD0000B4
:1053000010B5204C204B22689A4239D1002301224B
:1053100023601E4B1A70237A03B1636A1C4A1D482E
:10532000136001F0FFF961681B4801F0FBF91B49AC
:105330001B4801F0F7F9237AFBB1E168194801F045
:10534000F1F92169184801F0EDF96169174801F098
:10535000E9F9A169164801F0E5F9E169154801F09C
:10536000E1F9216A144801F0DDF9616A134801F09E
:10537000D9F9A16A124801F0D5F9124801F0D2F921
:10538000012010BD10000020AAAA5555004000249D
:10539000FC3F0024A8310108B73101083C0000207F
:1053A000C4310108D1310108E2310108F3310108AB
:1053B000043201081532010826320108373201088B
:1053C00048320108192F010810B5214B0024214A49
:1053D000C3E90024002939D001221A720A68DA6070
:1053E0004A681A618A685A61CA689A610A69DA6108
:1053F0004A691A628A695A62C969996202F17841F6
:10540000B1F5003F05D302F1E042B2F5000F00D341
:105410001C60431E104C1E30002113F8012F0AB1EE
:1054200009B100220121834204F8012FF5D102F0D5
:1054300079F8BFF34F8F0949094BCA6802F4E0625B
:105440001343CB60BFF34F8F00BFFDE71972E0E756
:1054500010000020AAAA55553B00002000ED00E0F6
:105460000400FA0510B5084B012408481C7001F02F
:1054700059F94FF00061064801F054F90549064812
:10548000FFF73EFD204610BD0140002459320108BF
:105490006B320108F95400089232010801440246B7
:1054A000044BB1F1006F8CBF012000209A4288BFED
:1054B00000207047FFFF010838B503461446084630
:1054C000B3F1006F14D31C440A4DAC4204D8194602
:1054D0000BF07CFB012038BDB3F1104F08D314F161
:1054E000DF4F05D803F1E040BDE8384001F00ABBCA
:1054F0000020F0E7000002080388012BF7B50446FE
:1055000025D000252388032B4DD1636900202B492A
:105510009847002847D0A36801209847A36806460B
:105520000220984700240546AC420BD0A71901225F
:105530000DF107013846FFF7BFFF38BB3946204859
:10554000FFF74CFA1F48FFF749FA03B0F0BD436973
:1055500000201D49984705460028D2D080224FF0F0
:1055600000611A48FFF73AFA4FF400524FF0104129
:105570001748FFF733FA04224FF010411548FFF7A0
:105580002DFA15491548FFF729FABBE7230703D180
:1055900039461348FFF722FA9DF8071001341148E5
:1055A000FFF71CFAC0E7002DCFD10F48FFF716FA1E
:1055B0000E4803B0BDE8F040FFF710BAFE32010814
:1055C00003330108192F0108122B01089832010832
:1055D000B0320108D532010800100090ED32010808
:1055E000153301082033010826330108323301083E
:1055F00038B504460D46FFF751FF28B121460A4849
:1056000001F090F8002038BDB4F1104FFAD36319BF
:1056100013F1DF4FF6D801F0E7FB294604F1E04033
:10562000BDE8384001F006BB4F33010870B50E46A7
:10563000114604461546FFF731FF28B121460B48B5
:1056400001F070F8002070BDB4F1104FFAD3631967
:1056500013F1DF4FF6D801F0C7FB2A46314604F1BB
:10566000E040BDE8704001F0A3BA00BF7333010809
:1056700030B587B004460D461422002101A8FBF77F
:1056800005FC032C1ED8A91E0123082907D8DFE832
:1056900001F00506061413060617160002931422DD
:1056A000094B01A954431A1918595268019204F080
:1056B00033F9012007B030BD02930393EFE7029363
:1056C0000223FAE70020F5E77046010803280A469E
:1056D0000BD81423054958430B180858998812B160
:1056E0005A7A04F0A3BA9A7AFBE770477046010829
:1056F000184BD3F8E02042F0040273B5C3F8E02061
:105700000024D3F8E020144D02F004020092009A25
:10571000D3F8E02042F01002C3F8E020D3F8E030E4
:1057200003F010030193019BE6B2297A013414358A
:105730003046FFF79DFF15F8091C3046FFF7C6FFFE
:10574000042CF1D105490648FFF7DAFB012002B02D
:1057500070BD00BF00440258704601088D57000814
:1057600097330108032810B50CD81422064B504378
:105770001C181858A18804F053FA637A1B1A58426F
:10578000584110BD0020FCE7704601080388012B3A
:105790002DE9F04104464CD143690020494998471E
:1057A000064688B1484F0025D7F81080E8B2FFF7C9
:1057B000D9FF29460135034642464448FFF70EF912
:1057C000042D07F11407EFD12388012B06D163695B
:1057D00000203F4998470546002844D13546238894
:1057E000022B06D1636900203A49984706460028F3
:1057F00041D12E462388032B51D1636900203649BD
:10580000984700284BD0A36801209847A368054615
:1058100002209847C6B2EDB2311E284618BF0121BA
:10582000FFF754FF324629462C48BDE8F041FFF708
:10583000D5B80025D3E7244F0026D7F81080F0B262
:10584000FFF790FF31460136034642462448FFF7F2
:10585000C5F8042E07F11407EFD16420FCF711F806
:105860003046FFF7A5FBFFF73DFB0028E3D10420FE
:10587000FFF7A4FBB3E7A36801209847C5B2FFF781
:1058800031FB0028B6D02846FFF76CFF29460246B8
:105890001448FFF7A3F86420FBF7F3FFEFE77EB9A6
:1058A0001148FFF79BF81148FFF798F803211048BB
:1058B000FFF794F803210F48BDE8F041FFF78EB8D9
:1058C000BDE8F081122B0108704601089C330108E5
:1058D000AB330108FE320108D4330108DA33010882
:1058E000B0330108C1330108EE330108F933010870
:1058F000043401081834010838B50B4DFBF7CFFF0D
:105900000A4C2B68C01A2060FBF7C9FF2860236887
:1059100033B122684FF47A73B3FBF2F3044A136095
:10592000044B00221A7038BD104000240C400024A3
:10593000084000241440002464280246054B28BF78
:105940006422011E4FF0020018BF01211A70FFF7F8
:10595000BDBE00BF011000244F2909D89F2807D8D9
:105960004FF0A00C034B11FB0C011B6823F8112016
:10597000704700BF0440002400221FFA80FC0A4B3D
:1059800011466CF30F021B686CF30F016CF31F429E
:1059900003F5C8406CF31F411A60083343F8041C38
:1059A0009842F9D1704700BF044000242DE9F04F20
:1059B000002A85B0C2EBC274DDF8388040F3DE8087
:1059C00003F002066F4D6400C2F1010C039603F070
:1059D000040680B22D68029603F0080603F0010366
:1059E00089B20196A026009300230CE0039F002FAC
:1059F00042D1019F002F69D1009F002F40F092807B
:105A00009A4240F3BB80BCF1000F03F10103029FF7
:105A1000A2BF023402F1FF32A4440CEB430C0CF1A0
:105A2000010C002FE2D01FFA83FE1FFA82F900EB6F
:105A30000E0B01EB090A1FFA8BFB1FFA8AFABBF166
:105A40009F0F06D8BAF14F0F9CBF1AFB06BA25F874
:105A50001A8081448E441FFA89F91FFA8EFEB9F12B
:105A60009F0FC3D8BEF14F0F039F9CBF1EFB069E26
:105A700025F81E80002FBCD01FFA82F91FFA83FE82
:105A8000A1EB090A00EB0E0B1FFA8AFA1FFA8BFB37
:105A9000BAF14F0F06D8BBF19F0F9CBF1AFB06BA95
:105AA00025F81A808144A1EB0E0E1FFA89F91FFA1E
:105AB0008EFEB9F19F0F9CD8BEF14F0F019F9CBF86
:105AC0001EFB069E25F81E80002F95D01FFA83F935
:105AD0001FFA82FE01EB090AA0EB0E0B1FFA8AFAED
:105AE0001FFA8BFBBAF14F0F06D8BBF19F0F9CBF7B
:105AF0001AFB06BA25F81A808E44A0EB09091FFA92
:105B00008EFE1FFA89F9BEF14F0F3FF675AFB9F15E
:105B10009F0F009F9CBF1EFB069E25F81E80002F36
:105B20003FF46EAF1FFA83F91FFA82FEA1EB090A58
:105B3000A0EB0E0B1FFA8AFA1FFA8BFBBAF14F0F7C
:105B400006D8BBF19F0F9CBF1AFB06BA25F81A8036
:105B5000A1EB0E0EA0EB09091FFA8EFE1FFA89F9C0
:105B6000BEF14F0F3FF64CAFB9F19F0F9CBF1EFB2C
:105B7000069E25F81E809A423FF745AF05B0BDE866
:105B8000F08F00BF04400024024B187880F0010021
:105B9000704700BF144000240F4B2DE9F0411D78E1
:105BA000A5B1DFF8408098F8004094B90B4E4F2320
:105BB0009F2221462046B768B847012322464FF46A
:105BC000485188F800300648B36998472846BDE830
:105BD000F0810025FAE700BF15400024184000249A
:105BE000000000301440002438B50A4B1B787BB10C
:105BF000FFF7D2FF084DFBF752FE04462B783BB16E
:105C00000120FBF73EFEFBF74AFE001B6328F5D997
:105C100038BD00BF15400024144000242DE9F74F83
:105C20001546A3EB01091C46BDF83020A5EB000A80
:105C300089EAE97320EAE07725EAE575BAF1000F11
:105C4000A3EBE97324EAE47421EAE179B8BFCAF16D
:105C5000000A0093534505DC21462C460D46494673
:105C6000B9460F46A14505DC29463D460F4621466B
:105C70004C468946A9EB0406A7EB050BC6F3C031D9
:105C8000B3B2BBF1000F01FA86F60193B8BFCBF1B6
:105C9000000BBD42B4BF01274FF0FF3776104C45D3
:105CA00002DD03B0BDE8F08F009BA4B21FFA85F8B7
:105CB000A6EB0B065345CBBF214641464046204646
:105CC000FFF74AFEB1B236B2002E05DA019BB844A6
:105CD00019440FFA88F50EB2013424B2DFE7000050
:105CE0002DE9F04F87B086B20C4605460593531E4A
:105CF000109F3344DDF844901FFA87FB049299B259
:105D00005E441FFA89FAA1EB0B0823B236B2039165
:105D10000FFA88F819463046CDF800A04246FFF742
:105D20007DFF059B424630461FFA84F85E1ECDF883
:105D300000A04644D84433B2B6B219460FFA88F8E8
:105D4000A6EB0B06FFF76AFF2AB2414636B2CDF842
:105D500000A010463346FFF761FFBDF90C20334623
:105D60004146EE1907EB04081046CDF800A0FFF7F6
:105D700055FF3A46414630460123CDF80090FFF7E3
:105D800015FE049A414602231544CDF800903A4688
:105D9000ED1B013D2846FFF709FE059B28463A46C4
:105DA0001C44CDF800900423E41B013C2146FFF77E
:105DB000FDFD08233A4621463046CDF8409007B015
:105DC000BDE8F04FFFF7F2BD07B5013A00930A4472
:105DD00013B20246FFF722FF03B05DF804FB2DE982
:105DE000F0410E461F46BDF8188004468518AC42A7
:105DF00001DBBDE8F0812046013443463A46314696
:105E000024B2FFF7E1FFF2E773B5194B6425194C93
:105E1000194E1D7000F02CFB2070304600F02EFB58
:105E2000736916489847164B4FF4C842002118462C
:105E3000FBF72CF80021134A502310600846A022DB
:105E40000091FFF7CCFFFFF7CFFE2846FFF774FD68
:105E500024782CB90C4800F065FC204602B070BDD7
:105E60000A4800F05FFC0A490A48FFF749F8F4E7DE
:105E7000011000241540002418400024F95800089F
:105E800000000030044000244C3401085C34010858
:105E9000116000086C34010808B42DE9F04FD6B049
:105EA0000D46FF215FAB0492019016A853F8042B16
:105EB0000B9309F09DFF544B019E1A78534B0290AF
:105EC00053F822A0DAF80440002C59D10DF1300922
:105ED000029B9C4230DA16AB49464FF0100A00276D
:105EE0001819FEF7FFFBB9F80230022B28BF022376
:105EF0000393DB009BB20693039B79194FF00008D4
:105F000003FB079389B205335EE016AB002713F855
:105F100009B0ABF1200B9AF801309F4211D39AF8E7
:105F2000002009F1010916443244A02AC4BFED182B
:105F3000019E029B9945E8DB56B0BDE8F04F01B0E9
:105F4000704703FB0B7379194FF0000834F81330D6
:105F500089B29AF80020904501D30137DBE703FAB4
:105F600008F2100409D508EB0600049A059380B2E4
:105F70000391FFF7F1FC059B039908F10108E8E79D
:105F80004FF00009D5E713F8012F4FF0000B0592F1
:105F900008EB06020792059A02FA0BF212060AD5DE
:105FA0000993079B049A03EB0B00089180B2FFF75B
:105FB000D3FCDDE908130BF1010BBBF1080FEAD1AB
:105FC00008F108081FFA88F8069A9045DBD10AF113
:105FD000FF3A01371FFA8AFABFB2BAF1000F8BD12C
:105FE000B9F80220012AC7BF10361023083608234B
:105FF0003344A02BB9F80430C4BF1035019E042BE4
:106000009AD0144464E700BF00100024C046010881
:106010000388012BF7B5044612D000262388022BF3
:1060200069D1636900203A499847002863D0A36882
:1060300001209847C0B203B0BDE8F040FFF77CBC38
:10604000436900203349984706460028E5D0324B83
:106050000322324F1A70FEF745FF20B9FFF78CFC80
:10606000FFF7C2FDDAE73D78002DF4D12846FFF7AF
:1060700083FC29462A4B4FF4FC621920FFF70CFFE2
:10608000284B28464FF6FF721B6810210093264BC1
:10609000FFF702FF254B4FF6FF7220211B682846B1
:1060A0000093234BFFF7F8FEFBF7F9FB204B009022
:1060B0004FF6FF7228463021FFF7EEFE4FF478438B
:1060C0002846462100930A231A46FFF788FE4FF41C
:1060D000FC63462100930A231A461846FFF77FFE09
:1060E0001F234621142000930A231A46FFF777FE48
:1060F000FFF752FDAFE746B90E48FEF76FFC0E48BA
:1061000003B0BDE8F040FEF769BC03B0F0BD00BFCE
:106110008D340108AB37010800100024144000241E
:106120007034010808400024803401080C40002429
:1061300087340108903401089A340108014B187023
:10614000704700BF00100024A02070475020704707
:10615000014B18600120704738400024012110B520
:1061600004460846FFF7B2FA00210846FFF7AEFAE8
:106170002146002001F040FD01210020BDE8104033
:10618000FFF7A4BA10B5002104460120FFF79EFADC
:1061900000210846FFF79AFA2146002001F02CFD65
:1061A00001210020BDE81040FFF790BAF8B507467E
:1061B0000D460020082116461C4601F0FFFC2A204F
:1061C000FFF7E0FF0020FFF7C9FF781CC0B2FFF720
:1061D000C5FF0020FFF7C2FF701CC0B2FFF7BEFF73
:1061E0002B20FFF7CFFF0020FFF7B8FF05F11A00C3
:1061F000C0B2FFF7B3FF0020FFF7B0FF04F11A00B1
:10620000C0B2FFF7ABFF2C20BDE8F840FFF7BABFE4
:1062100070B50C4B012405460E46002010211C7061
:1062200001F0CCFC21462046FFF750FA0021084639
:10623000FFF74CFA002332462946184601F016FDB6
:10624000204670BD34400024074B1A7810B552B177
:10625000002001211870FFF739FA044B1B6813B1B5
:10626000BDE81040184710BD3440002438400024D9
:10627000F8B5002000AF01F031FC00216E4650243B
:10628000084601F069FC7949002001F007FD002172
:106290000220FFF71BFA01210846FFF717FA012138
:1062A0000020FFF713FA0A20FBF7EBFA0120FFF7B3
:1062B00069FF0A20FBF7E5FA1120FFF763FF0A20C8
:1062C000FBF7DFFAB120FFF75DFF0120FFF746FF84
:1062D0002C20FFF743FF2D20FFF740FFB220FFF7F0
:1062E00051FF0120FFF73AFF2C20FFF737FF2D2049
:1062F000FFF734FFB320FFF745FF0120FFF72EFF24
:106300002C20FFF72BFF2D20FFF728FF0120FFF7A0
:1063100025FF2C20FFF722FF2D20FFF71FFFB420C1
:10632000FFF730FF0720FFF719FFC020FFF72AFF14
:10633000A220FFF713FF0220FFF710FF8420FFF7D2
:106340000DFFC120FFF71EFFC520FFF707FFC2208A
:10635000FFF718FF0A20FFF701FF0020FFF7FEFEFE
:10636000C320FFF70FFF8A20FFF7F8FE2A20FFF770
:10637000F5FEC420FFF706FF8A20FFF7EFFEEE20B0
:10638000FFF7ECFEC520FFF7FDFE0E20FFF7E6FE4F
:106390002120FFF7F7FE3620FFF7F4FEC820FFF7B5
:1063A000DDFE3A20FFF7EEFE0520FFF7D7FE2A209C
:1063B000FFF7E8FE0020FFF7D1FE0020FFF7CEFE3A
:1063C0000020FFF7CBFE9F20FFF7C8FE2B20FFF732
:1063D000D9FE0020FFF7C2FE0020FFF7BFFE00201D
:1063E000FFF7BCFE4F20FFF7B9FE1320FFF7CAFEF0
:1063F0000A20FBF746FA2920FFF7C4FE0A20FBF724
:1064000040FA3620FFF7BEFEA820FFF7A7FE0021C6
:10641000D0B04F239F220846FFF7C8FE102100206E
:106420006D4601F0CBFB01210846FFF74FF9002133
:106430000846FFF74BF94FF4A07200216846FAF7BF
:1064400025FD0A23A0222946002001F00FFC08B1F7
:10645000013CF6D101210020FFF738F9002102208C
:10646000B546FFF733F90120BD46F8BD4962000883
:1064700008B5FFF7FDFE012008BD0000074B0360D3
:10648000074B4360074B8360074BC360074B0361B7
:10649000074B4361074B836101207047716400081B
:1064A00071620008AD610008496100084D61000893
:1064B0005161000811620008104B1148D3F8E02028
:1064C00042F0100270B586B0C3F8E020D3F8E03097
:1064D00000240125082603F0100301A90494009369
:1064E000009B0196CDE9025403F016FA224631468C
:1064F000034803F09BFB284606B070BD00440258D9
:106500000010025820B901220821024803F08EBB76
:10651000704700BF00100258024618B9082102480F
:1065200003F084BB704700BF0010025818B908215F
:10653000014803F080BB7047001002580388012B0C
:106540002DE9F041054620D000242B88012B0FD1E6
:106550006B690020324998470746002847D12B88AD
:10656000012B05D16B6900202E499847002854D192
:10657000002C50D12C48FEF731FA2C48FEF72EFAA9
:106580002B48BDE8F041FEF729BA436900202949AC
:10659000984704460028D7D0274E28483188FEF770
:1065A0001DFA71882648274EFEF718FA2648FEF78E
:1065B00015FA31882548FEF711FA71882448FEF74C
:1065C0000DFAC2E7B8F80210891BC8D04029D8F8E4
:1065D000080028BF402130440C46FEF7F7F9264456
:1065E000FEF780FC04460028ECD13C46B7E70026C5
:1065F000DFF84480F4E77488641B0CD0402CB0684A
:1066000028BF4024284425442146FEF7DFF9FEF741
:1066100069FC0028EFD1BDE8F0810025094EF6E7BE
:10662000672A0108F8340108FD340108073501081C
:1066300011350108122B01084C690024A834010807
:10664000BC34010840690024192F0108D034010826
:10665000E43401080C4B00224FF400610B4810B5E4
:10666000C3E900210A49012499600A4B0A491A60CA
:106670004FF400525A60094A9A60094B1C70FEF7A9
:106680003FFC204610BD00BF4C6900241B350108AB
:106690003F610024406900243D6500083F4100241B
:1066A0003E4100240038024B18BF0120187070478B
:1066B00025100024044B10B5044C187001232370DE
:1066C00001F00AFC207010BD3C4100243D41002433
:1066D00037B50B46044602F10801C088A288451868
:1066E000AA4203D200208A42E08014D3A5680C4A53
:1066F00000932844238809F017FBE288238812FAC4
:1067000080F2A1880133E2806288238083B2104442
:10671000884202DD012003B030BD13446380F9E7F5
:106720001F3501080FB4154B1B7813B50BB305AB20
:10673000049A4FF480711248019309F059FB114BF0
:1067400004461B7843B1104B1B782BB10F4B02460C
:106750000B49187801F0E4FC0D4B1B7823B122465D
:1067600007490C48FFF7B4FF224605490A48FFF7DE
:10677000AFFF02B0BDE8104004B070473E410024B6
:106780003C4000243D410024241000243C410024CE
:10679000251000244C6900244069002400B54FF402
:1067A000807395B041F2883217480C93062306A9EE
:1067B00006930023CDE90D330F930B931393CDE98B
:1067C000113303F0E6FBE0B9022301224FF480010C
:1067D00004900D48CDE900331023CDE902320523A2
:1067E0006A46CDE905134FF0807306A90F9341F275
:1067F000883303F0D8FC003818BF012015B05DF8CD
:1068000004FB0120FAE700BF5869002400B54FF4EB
:10681000807295B04FF0807103460C9205220F9163
:1068200001210692002201910B92139200920B48D3
:10683000CDE90312CDE90D22CDE91122102206A9DE
:1068400002924FF4800205926A4603F0ACFC0038D5
:1068500018BF012015B05DF804FB00BF5869002483
:1068600030B591B03822002102A8FAF70FFB274873
:1068700003F02EFD012802D0244803F02CFD4FF434
:106880008073662541F2883202A9089300231F48CD
:1068900002950B9307930F93CDE90933CDE90D339F
:1068A00003F077FB10B1012011B030BD992441F203
:1068B000883202A91548029403F06BFB0028F2D13C
:1068C0004FF4407341F2883202A9104808930295B0
:1068D00003F05FFB0028E6D141F2883202A90B48A1
:1068E000029403F056FB0028DDD144F61F620190AC
:1068F000019B934204D941F28830FFF787FFD3E729
:1069000000BF019B01330193F2E700BF58690024E7
:1069100008B5044803F0DCFCA0F18203584258415A
:1069200008BD00BF5869002408B5FFF799FF800033
:1069300000F0FC0008BD000008B5054B187830B128
:10694000FFF7F2FFC0F3800080F00100C0B208BD85
:10695000A469002408B5034803F0BDFC003818BF43
:10696000012008BD5869002408B5054B187828B1E6
:10697000FFF7F0FF80F0010000F0010008BD00BF4C
:10698000A4690024F0B591B0342200214FF480773F
:1069900003A84FF08076FAF779FA0125352341F202
:1069A000883202A91E4808970293CDE90B6503F0CF
:1069B000F0FA88BB41F288320DF10701184803F064
:1069C0008EFB044640BB9DF807309A0725D443F060
:1069D00002030146342203A88DF80730FAF756FA6D
:1069E000312308970293CDE90B65FFF7D7FE98B9DD
:1069F00041F2883202A90A4803F0CBFA60B941F2A9
:106A000088320DF10701064803F009FB20B941F275
:106A10008830FFF7FBFE00B10124204611B0F0BD25
:106A20005869002410B5194C194B2046236003F017
:106A30009FFAD0B90123042163601023C4E9021333
:106A40004FF4000393FAA3F3B3FA83F34FF4806097
:106A500023610023C4E905032046C4E9073303F09A
:106A60003BFA20B10B48FFF75DFE012010BDFFF798
:106A7000F7FE20B10848FFF755FE0420F6E7FFF7C0
:106A800081FF0028F2D00548F5E700BF58690024CF
:106A900000500052273501083D35010856350108E0
:106AA00070B58EB00E46154600213022044602A86D
:106AB000FAF7ECF94FF480734FF4404E41F288320C
:106AC0000693EB2369460E4800934FF4406301960A
:106AD00007934FF400530A9503934FF04073CDE9A9
:106AE00008E30423059303F054FA28B941F28832ED
:106AF0002146034803F0F3FA00200EB070BD00BF3A
:106B00005869002408B503460846B3F5000F04D2BF
:106B10001946FFF7C5FF012008BD0020FCE7000073
:106B2000F0B58FB016460C4607463022002102A869
:106B3000E5B2FAF7ABF94FF48073C5F580750693AB
:106B40003223B54200934FF4806328BF3546264474
:106B500007934FF4005303934FF04073099301944C
:106B60000A95FFF71BFEF8B941F2883269460F48D3
:106B700003F00FFAC0B941F2883239460B4803F0EE
:106B80004EFA88B941F28830FFF740FE60B92C44D4
:106B90002F4404F58073B3428CBF351B4FF48075CE
:106BA000A642DCD80FB0F0BD0120FBE758690024F5
:106BB00008B503460846B3F5000F07D21946FFF79C
:106BC000AFFF80F0010000F0010008BD0020FCE7ED
:106BD00010B58EB004463022002102A8FAF756F90B
:106BE0004FF4807301940693202300934FF4806345
:106BF00007934FF400530393FFF7D0FD10B101202A
:106C00000EB010BD41F288326946054803F0C1F963
:106C10000028F4D14FF44870FFF7F8FDF0E700BF0B
:106C20005869002408B5FFF7D3FF80F0010000F099
:106C3000010008BDB0F5000F38B501D9002038BDFE
:106C40004318B3F5000FF9D80029F7D0013B040B26
:106C50001D0BAC4201D90120F1E72003FFF7E2FF51
:106C60000028EBD00134F4E710B58EB034220021B7
:106C7000044601A8FAF70AF94FF480734FF08070C8
:106C800041F2883206939F23694600931423CDE98D
:106C90000903094803F07DF958B941F2883204F13B
:106CA0001401054803F01BFA003818BF01200EB08C
:106CB00010BD0120FBE700BF58690024F0B58BB080
:106CC000FFF7B0FE6846FFF7CFFF044600283BD130
:106CD0009DF816609DF81450A6F110039DF81570EC
:106CE0000B2B9CBF0124B440EF2D21D11749184B29
:106CF000002C08BF19461748FFF714FD33463A46E3
:106D000029461548FFF70EFDEF2D18D1BCB1210D16
:106D10001248FFF707FDB4F5000F0BD10124104B0B
:106D2000104911481C70FEF7EBF820460BB0F0BD7F
:106D30000749E0E708210D48FFF7F4FCEEE70C48AF
:106D40000024FFF7EFFCEAE70A48F9E76C2A01089C
:106D50006A3501086D3501087E3501089E35010848
:106D6000A4690024216E00080F360108B53501081A
:106D7000D8350108F135010800B591B03022002165
:106D800003A8FAF783F84FF480734FF0407202A91A
:106D90000893EB230B92042202934FF44063079273
:106DA0004FF0805209934FF400530F92082205933D
:106DB0004FF4404307480A932023CDE900326A4646
:106DC000049303F044FA003818BF012011B05DF8B5
:106DD00004FB00BF5869002408B5FFF7CDFF80F021
:106DE000010000F0010008BD10B568B1FFF790FD8B
:106DF00018B1012000F0010010BDFFF7B5FDFFF74D
:106E00009BFDFFF7E9FFF5E7FFF782FD0028F0D0D3
:106E1000FFF7AAFD0446FFF78FFD2040C0B2E9E767
:106E20000388012B2DE9F0470446ADF5027D40F0C3
:106E3000C680436900209D4998470646002836D001
:106E400000219B48FDF7CAFD4FF010419948FDF71E
:106E5000C5FDFFF75DFD984B9849002808BF19460E
:106E60009748FDF7BBFD9748FDF7B8FD964803F03E
:106E70002FFA082808D8082810D8DFE800F0159263
:106E8000940F9E0F0F0F9C00422800F0928007D8AD
:106E9000122800F08A80222800F089808B4804E0C4
:106EA0008228FBD18A4800E08A48FDF797FD2388B5
:106EB000012B06D1636900208749984705460028C1
:106EC0007FD135462388022B07D16369002083498F
:106ED00098470646002840F088802E462388032BDA
:106EE00007D1636900207E4998470546002840F095
:106EF000938035462388032B31D16369002079497B
:106F00009847064600B3A36801209847A368054642
:106F1000022098470746FAF7C2FC814639462846C0
:106F2000FFF788FE8046FAF7BAFC3A46A0EB090361
:106F300029466D48FDF752FDB8F1000F00F08F8033
:106F40006A483546FDF74AFD2388032B07D163695C
:106F50000020674998470646002840F082802E4668
:106F60002388012B40F00481636900206149984720
:106F7000002800F0FD80FAF792FC00240546FFF798
:106F8000C7FC4FF400726302002800F0D78003F1C1
:106F9000104102A809F01AFE0134B4F5006FEED1D9
:106FA000D7E0554881E755487FE755487DE7554884
:106FB0007BE7554879E7554877E7554875E7002559
:106FC00080E7002602A94FF480723003FFF79AFD94
:106FD000314630B101364F48FDF700FD642EF1D146
:106FE00070E74D48FDF7FAFC6CE7636901204B49F7
:106FF0009847FFF7F9FE68B14948FDF7EFFCFFF746
:1070000087FC2D4B2D49002808BF19464548FDF740
:10701000E5FC63E74448F0E7A36801209847A368CC
:10702000804602209847002607460DF1070ABE4217
:107030003FF460AF06EB0809012251464846FFF7CE
:1070400061FD38B19AF8002049463848FDF7C6FC82
:107050000136ECE749463648FDF7C0FCF8E735480D
:107060006FE7A368012098470DF108090546A3685A
:10707000022098470290FAF712FC49460422804603
:107080002846FFF795FDDDF808900746FAF707FC5C
:107090004A46A0EB080329462748FDF79FFC1FB18D
:1070A0001248FDF79BFC5BE72248FAE7122B010828
:1070B0001F36010838360108193601081436010850
:1070C000513601086836010858690024DC36010889
:1070D000BD3601087C360108AB370108F9360108D6
:1070E000FE3201086A3701087037010810370108BD
:1070F000D4330108A5370108833601088A36010810
:10710000903601089D360108AA360108CE360108DE
:10711000D5360108E5360108EE3601084329010895
:10712000FD3601082D3701081437010842370108E0
:1071300057370108F33601088D37010802A91846B0
:10714000FFF7E0FC00287FF427AF21461448FDF745
:1071500045FCFAF7A4FB401B06D04FF47A21B1FBA3
:10716000F0F11048FDF73AFC0DF5027DBDE8F0871F
:10717000002EF9D10C48FDF731FC0C48FDF72EFC30
:107180000B48FDF72BFC0B48FDF728FC0A48FDF7E0
:1071900025FC0A48FDF722FC0948FDF71FFCE3E740
:1071A000B0370108C4370108CF370108DA370108C2
:1071B000EB370108F63701080738010823380108C2
:1071C0003F3801081422002130B58BB004460DEB86
:1071D0000200F9F75BFE22682B4B9A4252D12B4BEF
:1071E0000924042505A9D3F8D420294842F4804273
:1071F000C3F8D420D3F8D42002F480420192019A3B
:10720000D3F8E02042F00202C3F8E020D3F8E020F7
:1072100002F002020292029AD3F8E02042F0080241
:10722000C3F8E020D3F8E02002F008020392039AAA
:10723000D3F8E02042F01002C3F8E020D3F8E030A9
:10724000059503F0100309940493049B022306930D
:107250000323089302F060FB402305A90C48059323
:107260000A23099302F058FB4FF4605305A909481B
:107270000593099402F050FB05A907480595099468
:1072800002F04AFB0BB030BD0050005200440258DF
:1072900000040258000C025800100258026808B599
:1072A0000C4B9A4215D10C4A44210C48D2F8D430E8
:1072B00023F48043C2F8D43002F016FC4FF460513E
:1072C000074802F011FC04210648BDE8084002F01E
:1072D0000BBC08BD00500052004402580004025884
:1072E000000C025800100258574AD2F8D0302DE94D
:1072F000F34113F4800F554C1EBF236843F0020383
:107300002360D2F8D030504A9B0242BF236843F03A
:1073100001032360D2F8D0301F0242BF236843F03C
:1073200001032360D2F8D030474A5E01484E42BF85
:10733000236843F004032360D2F8D030DD004FF01F
:10734000000542BF236843F004032360D2F8D03025
:107350003D4AD8014FF0040042BF236843F00803C0
:107360002360D2F8D03043F48033C2F8D0302168A3
:1073700000F084FB3749032000F08EFB002103203E
:1073800000F07CFB01A90520019500F085FB019B25
:10739000314A190C0904914208BFDDB2236813F089
:1073A0000D073CD199073AD50135022D39D9022371
:1073B00033602949052000250127DFF8C48000F04B
:1073C0005DFB2648FFF7AEF907FA05F32268134282
:1073D00004D058F825102248FFF7A4F90135052DEF
:1073E000F2D11C4C2368DA0703D51E491C48FFF76D
:1073F00099F923689B0703D51B491948FFF792F9B0
:1074000031681A48FFF78EF9194C012319491A48B7
:107410002370FDF775FD207802B0BDE8F0810023F0
:10742000C6E7012D3560C4D11449052000F026FBC4
:107430003846FFF767F84FF4967001F075FA384652
:10744000FFF76AF8B5E700BF00440258B0690024AE
:10745000A8690024AC69002400005AA55938010825
:10746000B23801086B3801087938010886380108FC
:10747000B46900245D7500083129010801005AA58E
:10748000E46E0108024B01461860032000F0F6BAD2
:10749000AC690024002808B514BF03200120FFF7C1
:1074A000F1FFBDE8084001F0BBBA0000014B1868CD
:1074B000704700BFAC690024014B1868704700BFDB
:1074C000A869002413B5002401A90620019400F046
:1074D000E3FA0198044A010C090491420CBFC0B2BE
:1074E000204602B010BD00BF00005AA5C1B2062060
:1074F00041F0254141F4B40100F0C0BA13B50024B5
:1075000001A90720019400F0C7FA0198044A010C70
:10751000090491420CBFC0B2204602B010BD00BFAA
:1075200000005AA508B5FFF7E9FFFF2818BF013092
:1075300040F02541072041F4B401BDE8084000F0C7
:107540009DBA0000002008B5FFF7D0FF02490720D0
:10755000BDE8084000F092BA00005AA52DE9F843B2
:1075600007880446012F40F0868043690020534974
:107570009847064600283BD0DFF898810025DFF8C1
:107580009891D8F800104E48FDF728FA07FA05F34D
:10759000D8F80020134204D059F825104948FDF7C7
:1075A0001DFA0135052DF1D1474D48482968FDF7F1
:1075B00015FA2B68DA0703D545494248FDF70EFA5C
:1075C0002B689B0703D543493E48FDF707FA424B1A
:1075D00042481968FDF702FAFFF774FF0146404878
:1075E000FDF7FCF9FFF78AFF01463E48FDF7F6F983
:1075F0002388012B06D1636900203B499847054643
:1076000000283AD135462388022B05D16369002032
:1076100035499847002834D12E462388012B06D1BE
:1076200063690020314998470546002834D1354622
:107630002388022B33D1636900202D49984770B30A
:10764000636901202B499847064640B13546FFF74C
:1076500069FFFFF753FF01462248FDF7BFF9636951
:10766000012025499847D0B1FFF76CFF2348BDE8BA
:10767000F843FDF7B3B90025C5E70020FFF70AFF7F
:10768000C1E7636901201E49984706460028C3D018
:107690000120FFF7FFFEC0E701F0C2F9C8E755B9C6
:1076A0001848FDF79BF91848FDF798F91748FDF7BA
:1076B00095F91748DBE7BDE8F88300BF122B0108F6
:1076C0009D380108B1380108AC690024BB380108B5
:1076D0006B38010879380108A8690024CF380108FF
:1076E000E1380108F3380108672A01083129010847
:1076F000093901080F39010813390108193901083E
:1077000005390108223901082E39010840390108DC
:107710004D390108B0690024E46E0108104A114B8C
:10772000104610B5002413607F235461C2E9014361
:10773000FF23C2E90644C2E9033404F065FA60B9E4
:10774000012409490948FEF7EDFF094B09490A4898
:107750001C70FDF7D5FB204610BD0849F2E700BFBD
:10776000B8690024004000586C2A0108AD390108AE
:10777000B569002499780008BD3901081030010866
:1077800010B586B014220021044601A8F9F77EFB4B
:10779000002201A91148009204F04BFB024610B1EF
:1077A000002006B010BD69460C4804F065FB0028B7
:1077B000F6D19DF80430012023709DF805306370E8
:1077C0009DF80630A3709DF80330E3709DF80130FA
:1077D00023719DF802306371E3E700BFB8690024AC
:1077E00010B586B014220021044601A8F9F74EFB1B
:1077F000002201A91048009204F01BFB024610B1C0
:10780000002006B010BD69460B4804F035FB024667
:107810000028F5D1237801A907488DF80430637852
:107820008DF80530A3788DF8063004F048FAB0FAE8
:1078300080F04009E5E700BFB869002410B586B0C4
:1078400014220021044601A8F9F720FB002201A917
:107850001048009204F0EDFA024610B1002006B084
:1078600010BD69460B4804F007FB02460028F5D11D
:107870002378694607488DF8033063788DF8013026
:10788000A3788DF8023004F07FFAB0FA80F0400956
:10789000E5E700BFB86900240388012B2DE9F0411A
:1078A000044686B063D000262388022B05D1636985
:1078B000002051499847002866D135462388052B7A
:1078C00040F08780636900204C49984710B3636992
:1078D00001204B4998470646E0B1A368022098472B
:1078E000A36805468DF8100003209847A368074653
:1078F0008DF811000420984780468DF8120004A8E6
:10790000FFF76EFF3F48E9B235465FFA88F3FAB2F7
:10791000FDF764F82388052B5BD1636900203749A4
:107920009847002855D063690120374998470028B7
:107930004FD0A36802209847A36805468DF8100031
:1079400003209847A36806468DF811000420984745
:1079500004468DF8120004A8FFF770FF2B48E3B22D
:10796000F2B2E9B206B0BDE8F041FDF737B84369BD
:107970000020274998470646002894D0254B2648E2
:107980001978FDF72BF88FE76369012020499847A4
:107990000546002891D0FDF7A5FA00288ED004A84E
:1079A000FFF7EEFE9DF812309DF8142002939DF82B
:1079B00011309DF8131001939DF810301748009373
:1079C0009DF81530FDF70AF84FF47A70F9F759FF72
:1079D000E1E775B91248FDF701F81248FCF7FEFF20
:1079E0001148FCF7FBFF114806B0BDE8F041FCF779
:1079F000F5BF06B0BDE8F081CF3901083329010891
:107A0000FF390108E9390108043A0108093A010877
:107A1000122B0108B5690024C1390108D3390108C6
:107A20001F3A0108293A0108373A0108513A01087A
:107A300010B5B0B00446C02200216846F9F726FA16
:107A400022680C4B9A4212D100234FF48002684600
:107A5000CDE900234FF480732D9303F02BFA08B186
:107A6000F9F71FFF044A136F43F40043136730B064
:107A700010BD00BF00400058004402581F280A46AD
:107A800008B505D80146034804F013FA012008BDE3
:107A90000020FCE7B86900241F2810B50C4606D862
:107AA0000146044804F00AFA2060012010BD0020BD
:107AB000FCE700BFB8690024074B4FF48072012037
:107AC0001A8000229A705A601A751A62C3E903225A
:107AD000C3E90622704700BFDC6A002438B50346BC
:107AE00008B1002038BD184D4FF40034174A4FF04C
:107AF000806C17481749EA604FF48002A86043641D
:107B00008365C0E900120722C0E902424FF08052AB
:107B10000124C0E906C21022C0E90433C0E90833D9
:107B2000C0E90A33C0E90D33C0E90F33C0E912429E
:107B3000C0E9143304F048FBA86804F03DFA0028BB
:107B4000CFD120462C70CDE7DC6A0024DC6900240C
:107B5000546A0024003401402422174B10B402FB65
:107B600000F41C5D2CB3032923D8DFE801F0020CDC
:107B7000141C02FB00339868002303615DF8044B7A
:107B8000436104F019BA02FB0033986800230361D3
:107B90004FF08073F2E702FB003398684FF00073F8
:107BA00003610023EAE702FB003398684FF000739B
:107BB000EDE75DF8044B7047DC6A002424220D4B8E
:107BC00050431A181B5C6BB1936810294FF00702E1
:107BD000DA601A6807D10F21D960936823F01F0378
:107BE0000B4393607047936823F01F0343F0070330
:107BF000F7E700BFDC6A002424220B4B504310B58A
:107C00001C1886B0185C8DF80F1058B10A230DF1BE
:107C100017020DF10F0100930123A06804F0ECFAA4
:107C20009DF8170006B010BDDC6A0024242310B4B0
:107C30005843074C2318205C38B1002092B25DF8FD
:107C4000044B5870986804F077BC5DF8044B70479B
:107C5000DC6A00242422044B50431A181B5C0BB12D
:107C60005078704701207047DC6A0024F8B51D4643
:107C70000746FFF7DBFFF9F712FE06465DB138460F
:107C8000FFF7E8FF044630B9F9F709FE831BAB4262
:107C9000F5D92046F8BD0124FBE700002422034B60
:107CA00050431A181B5C03B151607047DC6A002412
:107CB000044B01689A681268914204BF01229A70CD
:107CC000704700BFDC6A002417B4174A0168936844
:107CD0001B68994223D10121136A5170C3B1D16944
:107CE000B3F5803F91610FD34FF6FF74A3F57F4347
:107CF0000194FF3B0C44C2E90743019A92B203B0DE
:107D00005DF8044B04F018BC019300231C46F2E715
:107D1000536811751BB103B05DF8044B184703B0ED
:107D20005DF8044B704700BFDC6A0024014804F092
:107D3000F5BC00BF546A0024014801F01BBC00BF21
:107D4000DC69002430B589B005461422002103A85F
:107D5000F9F79CF82A68324B9A425FD1314B0321E4
:107D60003148D3F8D820314C42F00102C3F8D82072
:107D7000D3F8D82002F001020092009AD3F8F02044
:107D800042F40052C3F8F020D3F8F02002F400527D
:107D90000192019AD3F8E02042F01002C3F8E020EB
:107DA0004FF4A042D3F8E03003F010030293029B9B
:107DB0000223CDE903230523CDE9061303A901F02E
:107DC000ABFD1B4854234FF400624FF4806E4FF01C
:107DD000400CC4E90003C4E904E200234FF400525C
:107DE0002046C4E902C3C4E90623C4E9083300F00D
:107DF000FDFF08B1F9F755FD002205215420AC67BD
:107E0000A56300F0CDFD542000F0FCFD0C20002205
:107E1000052100F0C5FD0C2000F0F4FD09B030BDD7
:107E2000003401400044025800100258DC6900246C
:107E3000280002400268084B9A420BD1074A4FF4CF
:107E4000A0410748D2F8F03023F40053C2F8F030D4
:107E500001F04ABE704700BF0034014000440258A0
:107E600000100258114B00224FF46141104810B528
:107E70001A7001245960C3F82424C3F8282483F815
:107E80002C24C3F83014C3F85028C3F8542883F8BE
:107E90005828C3F85C18C3F87C2CC3F8802C054B19
:107EA00005491C70FDF72CF8204610BD0064003019
:107EB0006B3A01080C6C0024D981000802289FBF8E
:107EC000044B142202FB003301208CBF00201961F7
:107ED000704700BF281000240228F7B504460E465C
:107EE0001ED840F22C434C4D4343EA18EB5C1BB1C7
:107EF00053688B4200F08D80484F142303FB0473BA
:107F00001B6953B11B683046984740F22C436343CA
:107F1000EA18E854566003B0F0BD1CB1012C74D0CF
:107F20000020F8E7BB687A68C5F81C346E603C49ED
:107F30001C61C3E900260C22C3E905244FF48062CA
:107F4000C3E902448818C3E90744C3E90944FCF7BC
:107F500024FB344BD5F81C04D3F8D82042F001029E
:107F6000C3F8D820D3F8D83003F001030193019B64
:107F700004F01EFD3B7BD5F81C04002B42D02346A9
:107F80002246214605F01EF90028C9D101234FF4ED
:107F900080622349D5F81C042B7005F0F1F8D5F860
:107FA0001C34B0FA80F02049D3F880304009D5F86D
:107FB00010241B688B421ED018318B421BD0183105
:107FC0008B4218D018318B4215D018318B4212D009
:107FD00018318B420FD018318B420CD018318B42A4
:107FE00009D001F556718B4205D018318B4202D071
:107FF00018318B42FFD05B68D31AC5F80834C5F836
:108000000C3488E705F03BF8BEE7C5F8306485F826
:108010002C4401207FE700BF0064003028100024BA
:108020000864003000440258100002401F4A142126
:10803000034601FB0022106908B18368184713B199
:10804000012B31D070471A4A1A48D2F81C34D2F8A2
:108050001014D3F880301B6883421ED0183083423E
:108060001BD01830834218D01830834215D01830F6
:10807000834212D0183083420FD0183083420CD084
:108080001830834209D000F55670834205D018306D
:10809000834202D018308342FFD05B680648CB1A77
:1080A000C2F80834FCF7CDBAFCF7E2BF2810002470
:1080B00000640030100002400868003000231422E1
:1080C00013B58DF807300446124B02FB00331B69D1
:1080D0001BB11B69984702B010BD70B1012813D0C5
:1080E00040F22C420C4B9DF8070002FB0433D3F8FE
:1080F00024240132C3F82424EDE701220DF1070105
:108100000648FCF778FAEBE7FCF7BCFF8DF80700B0
:10811000E6E700BF28100024006400300868003043
:1081200070B5164B054614461422084602FB05336B
:108130001B6923B121465B69BDE870401847104EAA
:108140001DB1012D14D0002407E06423A2B2D6F89B
:108150001C0404F0E4FE0028F5D140F22C43204634
:1081600003FB0566D6F828342344C6F8283470BDCE
:108170002146FCF799FF0446EFE700BF28100024D2
:10818000006400300EB410B5C3B004464FF48071E3
:1081900045AB02A853F8042B019307F029FE02A96E
:1081A00002462046FFF7BCFF43B0BDE8104003B0D5
:1081B0007047000002280AD8012801D1FCF796BFB9
:1081C00040F22C42034B02FB0033586870470020FA
:1081D000704700BF006400300388012B2DE9F7438E
:1081E00005465ED1436900203A4998470646002873
:1081F00057D000244FF01409DFF8F88020460134EE
:1082000009FB00F3C0B258F80370FFF7D3FF214613
:1082100003463A463048FCF7E1FB032CEED12C88AC
:10822000022C48D16B6900202C499847002842D085
:10823000AB6801209847002835DDAB6801209847DE
:10824000032804DCAB6801209847441EE4B2FCF725
:1082500051FBA04229D0651C2046FFF7E7FE48B13C
:108260002046FFF72BFF294602468DF807001C48E1
:10827000FCF7B4FBFCF79EFB0028EDD0FCF7A0FB5D
:1082800071288DF8070021D00DF107010122204649
:10829000FFF746FF9DF8072029461248FCF79EFB92
:1082A000DAE70026BBE70024D1E70F4803B0BDE8BA
:1082B000F043FCF793BB4EB90C48FCF78FFB03214E
:1082C0000B4803B0BDE8F043FCF788BB03B0BDE842
:1082D000F08300BF122B0108703A0108AB37010888
:1082E0008A3A0108A43A0108BE3A0108CF3A0108C7
:1082F000DA3A01082810002470B5B8B006461422F6
:10830000002103A8F8F7C2FDC022002108A8F8F751
:10831000BDFD3268274B9A424AD10122002308A8AA
:10832000CDE9082302F0C6FD08B1F9F7BAFA224BED
:10833000002503A92148D3F8F020214C42F0100277
:10834000C3F8F020D3F8F02002F010020192019A55
:10835000D3F8E02042F00102C3F8E0204FF4C062FD
:10836000D3F8E03003F001030293029B0223CDE92E
:108370000323CDE905530723079301F0CDFA292301
:1083800010492046A5616562C4E900134FF480637B
:10839000C4E904354FF48073C4E90255C4E90735D4
:1083A00000F024FD08B1F9F77CFAC6F88040A66316
:1083B00038B070BD0010014000440258000002585F
:1083C000006B00241000024002680C4B9A4210B56A
:1083D000044611D10A4A4FF4C0610A48D2F8F0307D
:1083E00023F01003C2F8F03001F07EFBD4F88000D7
:1083F000BDE8104000F09EBE10BD00BF001001405F
:108400000044025800000258F0B5434BB9B0434F46
:1084100005461B883C78ADF80030002C7AD1404BE3
:10842000811E18704842484100F084F9B822214664
:108430000AA8F8F72BFD1422214603A8F8F726FD19
:1084400000234FF4802208A8CDE908234FF44013FD
:108450002A9302F02FFD08B1F9F723FA314C01F00D
:1084600057FC4FF4C0520026D4F8E03003A92E4840
:1084700043F00103C4F8E030D4F8E03003F0010326
:108480000193019B0223CDE903230323CDE9056377
:108490000A23079301F040FAD4F8D830052165206B
:1084A00043F00063C4F8D830D4F8D83003F0006348
:1084B0000293029B1D4B9A6B22F400129A631A6876
:1084C00042F040021A601A6842F080021A60324696
:1084D00000F066FA652000F095FA6946304604F02F
:1084E000AFFE044628B91248FEF71CF9204639B001
:1084F000F0BD01230F483B70FEF714F90E4B0F49F6
:108500000F48022D18BF1946FEF70CF90D490E4809
:10851000FCF7F6FC0124E9E71C2901080E6C002495
:108520000D6C00240044025800000258000008406E
:108530002C3B01083C3B0108243B0108183B010887
:108540004C3B0108A98500085C3B0108014B1878E9
:10855000704700BF0E6C0024054B10B51C7824B189
:1085600000214FF0FF3005F0FFFD204610BD00BF99
:108570000E6C002408B5064B187838B105F030FBB6
:1085800020B105F03DFB80F00100C0B208BD00BF86
:108590000E6C0024034B187810B1002006F00ABAC4
:1085A000704700BF0E6C002408B50388012B28D14A
:1085B000436900201549984718B3154B1548197899
:1085C000FCF70CFA144B154A1978154B154802297B
:1085D00008BF1A461146FCF701FAFFF7CBFF014628
:1085E0001148FCF7FBF9FFF7D5FF01460F48FCF7F0
:1085F000F5F9FCF77BFD01460D48BDE80840FCF7A6
:10860000EDB90C48BDE80840FCF7E8B9122B0108A9
:108610000E6C0024603B01080D6C0024243B010813
:10862000183B01086E3B01087C3B01088A3B0108AE
:10863000983B0108A63B0108FCF764BDF0B585B086
:108640000C460546124F00F087F901AE019000F08C
:1086500089F9029000F08CF903900020034608305D
:10866000844201D2184610E056F804CB05EB4303D0
:108670001C222CFA02F1043A01F00F01795C23F874
:10868000021B111DF5D11828E8D105B0F0BD00BFBF
:10869000B03B01080121002004F0EEBD0048704706
:1086A000641000240048704703700108044B054A19
:1086B0001878054B002818BF1A461046704700BFAF
:1086C000526C0024986F0108166F010810B5B0B104
:1086D000032821D0062824D8134B53F820402046E5
:1086E000F8F7B2F820282346104A28BF2020211886
:1086F0008B4209D013F8014B22F8024FF8E70B4BDD
:1087000040F2094201205A80431C084A5B0010468F
:1087100043F44073138010BD20210548FFF78EFFFE
:10872000F2E70020F7E700BFF86E0108106C0024A4
:10873000126C0024034B1870A0F59140024B3038A6
:1087400058817047526C0024641000240020704748
:10875000BDF800101846FAF7DFBD000010B5FCF7B1
:10876000EFFB2E4CFDF776FFFCF72EFCFDF7A4FE89
:10877000FFF778FB4FF4E1310020FFF7ADFB4FF43A
:10878000E1310120FFF7A8FB4FF4E1310220FFF7B0
:10879000A3FB4FF4E1310020FDF78CFF2048FDF7EB
:1087A000C1FF20492048FDF7BDFF20492048FDF7C3
:1087B000B9FF02F085F890FBF4F11E48FDF7B2FF17
:1087C00002F046FA90FBF4F11B48FDF7ABFF1B49A2
:1087D0001B48FDF7A7FF1B491B48FDF7A3FF1B49DB
:1087E0001B48FDF79FFF1B48FDF79CFFFEF796FF18
:1087F000FEF77AFDFCF784FDFCF728FCFCF778FF18
:10880000FEF75CFAFCF72EFEFFF756F9FDF7FCFACF
:108810000020FDF747FF012010BD00BF40420F00C0
:10882000E13B0108772C0108FD3B0108872C01087A
:10883000143C01082B3C0108463C0108613C01083E
:108840006D3C0108843C01088D3C010800000008D3
:10885000A43C0108192F01087047000038B50F4BE0
:1088600005461A780AB9012038BD4FF47A73B3FB74
:10887000F2F30B4A1068B0FBF3F000F0E3F80446A3
:108880000028F0D10F2DEED8024629464FF0FF30D8
:1088900000F086F8034B20461D60E5E776100024C3
:1088A000640000247810002410B5032000F066F85E
:1088B00002F006F80F49104A8B69C3F30323D35C17
:1088C00003F01F03D8408B6903F00F03D35C0B4AFE
:1088D00003F01F0320FA03F31360094B18600F2005
:1088E000FFF7BCFF044618B9FFF7B6FF204610BDDE
:1088F0000124FBE700440258203E010860000024E8
:1089000064000024034A044B11681B780B44136075
:10891000704700BF546C002476100024014B186887
:10892000704700BF546C002438B50446FFF7F6FFCB
:108930000546631C1EBF044B1B78E418FFF7EEFFCF
:10894000431BA342FAD338BD76100024014B1868AC
:10895000000C70470010005C014BD3F80008704712
:1089600000E0F11F014BD3F80408704700E0F11F4D
:10897000014BD3F80808704700E0F11F07490302D4
:10898000CA6803F4E06322F4E0621204120C134399
:1089900043F0BF6343F40033CB60704700ED00E069
:1089A000164B30B5DC68C4F30224C4F10703251D5F
:1089B000042B28BF0423062D4FF0FF358CBF033C4A
:1089C000002405FA03F3002805FA04F521EA03035D
:1089D00022EA050203FA04F343EA02034FEA03130F
:1089E000DBB206DB00F1604000F5614080F8003347
:1089F00030BD00F00F00024A1354F9E700ED00E02B
:108A000014ED00E0002807DB0123410900F01F00FE
:108A1000024A834042F82130704700BF00E100E085
:108A2000BFF34F8F0549064BCA6802F4E062134357
:108A3000CB60BFF34F8F00BFFDE700BF00ED00E04C
:108A40000400FA050138B0F1807F0BD24FF0E0232B
:108A5000054AF0215861002082F82310072298610E
:108A60001A6170470120704700ED00E0BFF35F8F8F
:108A7000044B5A6A22F480325A620022C3F89420CE
:108A8000704700BF00ED00E0064B40F00100C3F866
:108A900094005A6A42F480325A62BFF34F8FBFF398
:108AA0006F8F704700ED00E04378144AC2F89830A9
:108AB000D2F8A03023F00103C2F8A0304368C2F816
:108AC0009C30C37A017B1B0643EA017301780B4398
:108AD000817A43EAC143417B43EA8143817B43EA94
:108AE0004143C17B43EA0143417A43EA0123017ACE
:108AF00043EA4103C2F8A030704700BF00ED00E038
:108B0000F0B5DFF844C10468876D644545D04C4D2D
:108B1000AC4242D01835AC423FD01835AC423CD0C4
:108B20001835AC4239D01835AC4236D01835AC4285
:108B300033D01835AC4230D005F55675AC422CD048
:108B40001835AC4229D01835AC4226D01835AC4285
:108B500023D01835AC4220D01835AC421DD0183582
:108B6000AC421AD01835AC4217D0364DAC4214D0B6
:108B70001435AC4211D01435AC420ED01435AC4291
:108B80000BD01435AC4208D01435AC4205D01435A6
:108B9000AC4202D01435AC4248D1D0E919566E60CF
:108BA000C56E15B1D0E91C566E606445C56D86680A
:108BB0002DD0234884422AD01830844227D0183040
:108BC000844224D01830844221D0183084421ED0F0
:108BD000183084421BD01830844218D000F55670EB
:108BE000844214D01830844211D0183084420ED000
:108BF000183084420BD01830844208D01830844298
:108C000005D01830844202D0183084420FD13F2062
:108C100005F01F0500FA05F5BD60206820F48020EE
:108C20002060402E636008D1A260E160F0BD05F0D5
:108C30001F050120A8407860F3E7A160E260F5E736
:108C400028000240085402581000024003680246FF
:108C500023498B4210B531D018318B422ED01831B8
:108C60008B422BD018318B4228D018318B4225D023
:108C700018318B4222D018318B421FD018318B42D1
:108C80001CD001F556718B4218D018318B4215D08B
:108C900018318B4212D018318B420FD018318B42D1
:108CA0000CD018318B4209D018318B4206D01831C4
:108CB0008B4203D023F0FF00906510BDDCB2182179
:108CC0000848103CB4FBF1F101F007015F2C415C56
:108CD00023F47F7020F00300D16588BF0430EBE7F8
:108CE000100002402570010802682049D3B28A4270
:108CF00028D014318A4225D014318A4222D014312E
:108D00008A421FD014318A421CD014318A4219D0B1
:108D100014318A4216D014318A4213D01821103BE4
:108D2000B3FBF1F312491144A8291CD903F1805275
:108D3000012103F01F0302F5024201FA03F30D497A
:108D400092000CE01422083B0121B3FBF2F303F183
:108D5000B05201FA03F3084902F516429200836605
:108D6000C0E9182170470833E0E700BF08540258F3
:108D7000F0FBFDBF80080240805802580279511E66
:108D8000072910B521D80368134CA3421ED0143410
:108D9000A3421BD01434A34218D01434A34215D0DC
:108DA0001434A34212D01434A3420FD01434A3427B
:108DB0000CD01434A34209D0084B1344084A9B003A
:108DC000C0E91B3201238B40436710BD054B1344A0
:108DD000054A9B00F4E700BF085402583F82001088
:108DE000400902403F96001640590258F8B5054622
:108DF000FFF794FD0746002D00F0D2802C68AA4EA4
:108E0000B44200F08D80A94B9C4200F08980183359
:108E10009C4200F0858018339C4200F0818018331A
:108E20009C427DD018339C427AD018339C4277D034
:108E300018339C4274D003F556739C4270D018339B
:108E40009C426DD018339C426AD018339C4267D044
:108E500018339C4264D018339C4261D018339C4232
:108E60005ED018339C425BD0914B9C4240F0FC801A
:108E7000022385F83530002385F83430AB6821684B
:108E8000402B6FF3101100F00D81A3F180025342CB
:108E900053419B03D5E90320024368690243A86953
:108EA0000243E8690243286A41EA1011284641EA70
:108EB000D2021343142223607E4B2344B3FBF2F30C
:108EC0009B00EB65FFF7C2FEEB6D03F01F02012371
:108ED00093404360764B9C4200F0AB8014339C423D
:108EE00000F0A78014339C4200F0A38014339C420E
:108EF00000F09F8014339C4200F09B8014339C420E
:108F000000F0978014339C4200F0938014339C420D
:108F100000F08F8000200123686585F8353040E03F
:108F2000022385F83530002385F83430236823F098
:108F3000010323602C682368DB0727D423685E497C
:108F4000AA691940D5E902300343286903436869D7
:108F50000343E86913430343286A0343686A042808
:108F600043EA010302BFD5E90B1739430B435349C9
:108F700009686FF30F01B1F1005F1BD369682E29F7
:108F800010D8282916D943F4801313E0FFF7C6FC44
:108F9000C01B0528CED920236B65032385F8353007
:108FA0000120F8BD3F39132904D8454F27FA01F1B4
:108FB000CF07E8D423600428636923F0070343EA5A
:108FC000000328D1A96AE86A0B4320B33AB9012902
:108FD00016D031F002021ED1C1011CD513E0B2F54A
:108FE000005F14D1032916D801A252F821F000BF66
:108FF00007900008D98F000807900008019000082A
:10900000B0F1C07F07D140236B650123C6E7022979
:10901000F9D90329E0D063612846FFF717FEEB6D0D
:10902000B44203F01F024FF03F0303FA02F38360E0
:109030004AD128460024FFF757FEAB682A6E802BE2
:1090400004BF00236B606B68D9B2013B1160072B32
:10905000D5E91921516066D8FFF790FEEB6E1C60D0
:10906000D5E91C325A6055E7164B9C423FF400AFDD
:1090700014339C423FF4FCAE14339C423FF4F8AEF0
:1090800014339C423FF4F4AE14339C423FF4F0AEF0
:1090900014339C423FF4ECAE14339C423FF4E8AEF0
:1090A000402379E71023F5E6100002402800024033
:1090B00008540258F8ABFDA73F8010FE0010005C7A
:1090C0000F030F001C540258194B9C42B1D01833A7
:1090D0009C42AED018339C42ABD018339C42A8D0EF
:1090E00018339C42A5D018339C42A2D018339C421E
:1090F0009FD003F556739C429BD018339C4298D066
:1091000018339C4295D018339C4292D018339C421D
:109110008FD018339C428CD018339C4289D018339E
:109120009C4286D0D6E6C5E91B446C67F2E600BFD8
:109130002800024010B5044608B9012010BD03689C
:109140004C4A93422DD0183293422AD0183293427F
:1091500027D01832934224D01832934221D01832AB
:1091600093421ED0183293421BD01832934218D02B
:1091700002F55672934214D01832934211D018322D
:1091800093420ED0183293420BD01832934208D03B
:109190001832934205D01832934202D018329342CB
:1091A0003BD11A68204622F001021A6000221A60A0
:1091B0005A609A60DA601A6121225A61FFF746FD0F
:1091C000E36D03F01F023F23934083602046FFF7C7
:1091D0008BFD236E23B100221A60D4E919325A6044
:1091E0006368013B072B08D82046FFF7C7FDE36EF5
:1091F00000221A60D4E91C325A6000206065606762
:1092000084F8350084F83400C4E91B00C4E90F0079
:10921000C4E91100C4E9130090E71A6822F00102C2
:109220001A60154A934215D01432934212D0143268
:1092300093420FD0143293420CD01432934209D08F
:109240001432934206D01432934203D01432934224
:109250007FF473AF002220461A605A609A60DA6089
:109260001A61FFF7F3FCE36D03F01F020123934043
:109270004360ABE7100002400854025870B5054641
:10928000002800F0DA8090F83400012800F0D78040
:10929000012085F8340095F8350001284FF00000D2
:1092A00040F0C6800224674E85F835402C6868651A
:1092B000B4421ED0644884421BD01830844218D077
:1092C0001830844215D01830844212D018308442AD
:1092D0000FD0183084420CD01830844209D000F5E9
:1092E0005670844205D01830844202D0183084422F
:1092F000FFD0206820F0010020602846FFF700FC26
:10930000B4422A6C53D0504B9C4250D018339C42EC
:109310004DD018339C424AD018339C4247D0183362
:109320009C4244D018339C4241D018339C423ED0DA
:1093300003F556739C423AD018339C4237D0183309
:109340009C4234D018339C4231D018339C422ED0EA
:1093500018339C422BD018339C4228D018339C429F
:1093600025D0236823F00E0343F00A032360002A6C
:1093700054D1364B9C4225D0354B9C4222D01433DD
:109380009C421FD014339C421CD014339C4219D0F1
:1093900014339C4216D014339C4213D014339C4295
:1093A00010D02368002043F00103236070BD2368C0
:1093B00023F01E0343F0160323601AB1236843F021
:1093C000080323602B6E1A68D2032CD4EB6E1BB1FA
:1093D0001A6842F480721A60B442E2D01A4B9C427E
:1093E000DFD018339C42DCD018339C42D9D01833DC
:1093F0009C42D6D018339C42D3D018339C42D0D054
:1094000018339C42CDD003F556739C42C9D0183313
:109410009C42C6D018339C42C3D0C2E7236843F0B5
:1094200004032360A5E71A6842F480721A60CDE74E
:109430004FF4006385F834006B650120B6E7022025
:10944000B4E700BF10000240280002400854025850
:109450001C54025808B528B190F83530022B03D0BF
:109460008023436501205DE003683F4A934251D069
:10947000183293424ED0183293424BD01832934256
:1094800048D01832934245D01832934242D0183215
:1094900093423FD0183293423CD002F55672934229
:1094A00038D01832934235D01832934232D0183225
:1094B00093422FD0183293422CD01832934229D0A5
:1094C0001832934226D01832934223D01A6822F0E1
:1094D0000E021A601A6822F001021A60234A9342AF
:1094E00021D1026E136823F480731360D0E9161340
:1094F00003F01F02012393404B60D0E919325A60F8
:10950000C36E2BB31A6822F480721A60D0E91C3241
:109510005A601DE0042280F835201A6822F001020A
:109520001A60002008BD124A9342DAD014329342E6
:10953000D7D014329342D4D014329342D1D01432C3
:109540009342CED014329342CBD014329342C8D03F
:10955000012380F83530002380F83430036D002B70
:10956000DFD09847DDE700BF1000024008540258E2
:109570001C54025800232DE9F34101930446844B07
:10958000844F1E680368856DBB42D5F80080D5F80E
:1095900000C047D0804A934244D01832934241D011
:1095A000183293423ED0183293423BD01832934245
:1095B00038D01832934235D01832934232D002F567
:1095C000567293422ED0183293422BD018329342C7
:1095D00028D01832934225D01832934222D0183224
:1095E00093421FD0183293421CD01832934219D0A4
:1095F0006A4A934240F03681E16D04201A6801F016
:109600001F01884010EA0C0F00F05381560740F10B
:1096100050811104686040F14481D30300F1478117
:10962000A36CA0E0E26D082102F01F02914011EA54
:10963000080F0BD01868400708D5186820F0040000
:109640001860A960616D41F00101616528FA02F1BD
:10965000C80709D55969090606D501219140A960B5
:10966000616D41F0020161650421914011EA080F2A
:1096700007D01868800704D5A960616D41F0040126
:109680006165102101FA02F212EA080F0FD0196881
:1096900009070CD5AA601A6850036CD51B6819031A
:1096A00001D4236C00E0A36C0BB120469847E26D17
:1096B000202102F01F02914011EA080F7AD023689E
:1096C000BB422DD0344883422AD01830834227D061
:1096D0001830834224D01830834221D0183083427E
:1096E0001ED0183083421BD01830834218D000F5AA
:1096F0005670834214D01830834211D01830834200
:109700000ED0183083420BD01830834208D0183066
:10971000834205D01830834202D01830834232D1C0
:10972000186810F0100F45D0A96094F8351004297E
:1097300036D1196821F016011960596921F08001AC
:109740005961216C09B9A16C19B1196821F008019E
:1097500019603F239340AB60012384F83530002328
:1097600084F83430236D002B00F09880204602B03E
:10977000BDE8F04118471A68D20592D41A6822F061
:1097800008021A608DE7186810F0020FCBE700BFDF
:1097900064000024100002402800024008540258CF
:1097A0001A68500343D51B6819034DD4636C0BB181
:1097B00020469847636D002B70D0636DDA074FD554
:1097C000042384F835302368BB421ED04F4A9342AD
:1097D0001BD01832934218D01832934215D0183249
:1097E000934212D0183293420FD0183293420CD0C9
:1097F0001832934209D002F55672934205D01832BE
:10980000934202D018329342FFD01A6822F001022C
:109810001A604FF41652B6FBF2F6019A0132B242C8
:10982000019213D91B68DB0714D4012313E01A68D3
:1098300012F4807208D1196821F010011960012317
:1098400084F8342084F83530E36BB0E71A68D70722
:10985000E3D4E7E7032384F83530002384F8343079
:10986000E36C80E72A4A93423FF4C6AE1432934237
:109870003FF4C2AE143293423FF4BEAE1432934270
:109880003FF4BAAE143293423FF4B6AE1432934270
:109890003FF4B2AE143293423FF4AEAE02B0BDE834
:1098A000F081970603D41A6822F004021A60236C30
:1098B00059E70220884010EA0C0F16D0960714D5FD
:1098C0006860100403D5D1030DD4636C4BE712F02C
:1098D000200208D1196821F00A011960012384F8D7
:1098E000342084F83530E36B3DE70820884010EAE7
:1098F0000C0FD3D01207D1D51A6822F00E021A60CD
:10990000012303FA01F169606365A4E728000240BE
:109910001C540258406D70472DE9F74F0023DFF8C3
:10992000C4914FF0B0440A6832FA03F502D103B093
:10993000BDE8F08F012505FA03F818EA020200F0ED
:10994000BB804E6803274FEA430E06F0030507FA73
:109950000EFC6F1E6FEA0C0C012F34D8876807EAE3
:109960000C0ACF6807FA0EF747EA0A0787604768CC
:1099700027EA0808C6F300179F4047EA0807476030
:10998000C768022D07EA0C088F6807FA0EF747EA46
:109990000807C76019D14FEAD30803F0070A4FF050
:1099A0000F0B00EB88084FEA8A0AD8F820700BFAF0
:1099B0000AFB27EA0B0B0F6907FA0AF747EA0B07BE
:1099C000C8F8207001E0032DDAD1076805FA0EF51A
:1099D00016F4403F07EA0C0745EA070505606BD01F
:1099E000D9F8F45023F0030703F0030C4FF00F0EE7
:1099F00045F0020507F1B0474FEA8C0CC9F8F45066
:109A000007F58067D9F8F4500EFA0CFE05F0020550
:109A10000195019DBD6825EA0E0E314DA8424DD03D
:109A200005F58065A8424BD005F58065A84249D070
:109A300005F58065A84247D005F58065A84245D068
:109A400005F58065A84243D005F58065A84241D060
:109A500005F58065A8423FD005F58065A8423DD058
:109A600005F58065A84214BF0A25092505FA0CF5FD
:109A700016F4801F45EA0E05BD606FEA02072568EF
:109A80000CBF3D40154316F4001F256065680CBFF0
:109A90003D40154316F4003F6560D4F884500CBF78
:109AA0003D401543F603C4F88450D4F8805054BFA9
:109AB0003D401543C4F88050013334E70025D5E715
:109AC0000125D3E70225D1E70325CFE70425CDE71C
:109AD0000525CBE70625C9E70725C7E70825C5E71C
:109AE00000000258004402582DE9F04F00224FF0C8
:109AF000010A4FF00F084FF0030B4FF0B04431FA5A
:109B000002F301D1BDE8F08F0AFA02FC1CEA01065B
:109B100070D022F0030502F0030705F1B045BF0045
:109B2000D5F8083408FA07F905F5806509EA030E47
:109B30003A4B984260D003F5806398425ED003F5BB
:109B4000806398425CD003F5806398425AD003F555
:109B50008063984258D003F58063984256D003F54D
:109B60008063984254D003F58063984252D003F545
:109B70008063984250D003F58063984214BF0A2353
:109B80000923BB40734517D1D4F8803023EA06037C
:109B9000C4F88030D4F8843023EA0603C4F8843053
:109BA000636823EA06036360236823EA06032360ED
:109BB000AB6823EA0903AB6053000568D6080BFACB
:109BC00003F300EB86061D43056002F00705376AC4
:109BD000AD0008FA05F527EA05073762C56825EAEA
:109BE0000305C560456825EA0C054560856825EADA
:109BF00003038360013282E70023C2E70123C0E749
:109C00000223BEE70323BCE70423BAE70523B8E732
:109C10000623B6E70723B4E70823B2E7000002589B
:109C200000690840003818BF012070470AB18161FF
:109C300070470904FBE7436901EA030221EA0301D3
:109C400041EA02418161704738B50446FEF766FE7D
:109C5000054644B194F83D30022B06D08023A3661C
:109C6000002384F83C30012038BD2368DA6822F0F4
:109C70003E02DA60DA6822F00102DA602368D8680E
:109C800010F0010007D11F225A60012384F83C0024
:109C900084F83D30E8E7FEF741FE401B0528EDD98A
:109CA000A36E43F04003A366002384F83C300323F3
:109CB00084F83D30D7E70000024A136843F480730C
:109CC000136070470048025838B5104CE36813F031
:109CD000040FE36805D103F00703181A18BF012029
:109CE00038BD23F007031843E060FEF717FE054672
:109CF00063689B0401D50020F2E7FEF70FFE401BCE
:109D0000B0F57A7FF4D90120EAE700BF0048025895
:109D1000024AD36843F08073D3607047004802580A
:109D20002DE9F0474D6A35B1B2F1406F03D08B6A2F
:109D30000468013B2361D1F818A0D1E9077EBAF18C
:109D4000000F4DD04E6945EA0A0A0468B6040B6854
:109D5000D1F834C04AEA020AD1E90B98BEF1000FEB
:109D600025D08D684AEA0E00E5610D6997B13B4345
:109D700043EA090343EA080343EA0C032B43CD6893
:109D80002B4333430343B2F1406F63610DD04B6803
:109D9000A3610AE043EA090343EA080343EA0C0328
:109DA0002B43334303436361A761BDE8F08767B189
:109DB0003B43C86843EA090343EA080343EA0C0348
:109DC0000343334343EA0A03DDE743EA090343EA73
:109DD000080343EA0C0040EA060343EA0A03E2E709
:109DE000BEF1000F23D08B6845EA0E0504684E696A
:109DF0001543E361B6040B69D1F834C0D1E90B987F
:109E00005FB13B43C86843EA090343EA080343EAF6
:109E10000C03034333432B43B5E743EA090242EA09
:109E2000080242EA0C0232432A436261BCE7D7B11E
:109E300045EA0703CC6A0068B2F1406F43EA0203C7
:109E400043EA04030C6B43EA04034C6B43EA040348
:109E5000CC6843EA04034C6943EA84434361A4D0D9
:109E60004B688361A1E7002D9FD0CB6A00682B432C
:109E70001A430B6B1A434B6B1A434B6942EA8342FA
:109E80004261876191E72DE9F041DDF818800446D1
:109E90000E4615461F46236898683040003818BFA4
:109EA0000120A84201D100200FE0B8F1FF3FF3D01C
:109EB000FEF734FDC01B404509D90423012084F876
:109EC0004130636C43F001036364BDE8F081B8F195
:109ED000000FE0D1F1E7000037B50446FEF71EFDA4
:109EE000054614B9012003B030BD94F841302BB9B8
:109EF0002046FDF767F941F28833A36421682046C4
:109F0000A3680A68013B22F4F85242EA0322A36CD8
:109F10000A600022009320212B46FFF7B4FF00289F
:109F2000E0D12268E569E36811682B43256A21F0D6
:109F30007F412B43656821F0D00143EA05630B4361
:109F400013605568D4E905310B43216943EA0143A5
:109F5000064929400B435360136843F00103136023
:109F60000123606484F84130BDE700BFFEF8E0FFE4
:109F700010B5044658B10268136823F0010313605A
:109F8000FDF78CF90020606484F8410010BD0120C9
:109F9000FCE72DE9F34704468A469046FEF7BEFCEF
:109FA00094F840300746012B37D00123022684F86D
:109FB000403094F84130012B5FFA83F92BD1002215
:109FC000034620212046626484F84160CDF8008079
:109FD000FFF759FF054638B10125002384F84030CA
:109FE000284602B0BDE8F087024651462046FFF7FA
:109FF00097FEDAF824305BB93B464A4631462046A4
:10A00000CDF80080FFF73FFF0028E5D12368DE6030
:10A0100084F84190E1E73546DFE70225E0E72DE9E6
:10A02000F743044689469046FEF778FC94F84030A2
:10A0300007462568012B50D0012384F8403094F85E
:10A040004130012BDEB246D100236364B9F1000F29
:10A050003CD0122384F841302B690133E3622B6931
:10A06000C4F824900133A3626B6923F040636B61F1
:10A07000E36AB3B93B46012202212046CDF80080B5
:10A08000FFF701FF18B9236802220646DA600123B0
:10A0900084F84130002384F84030304603B0BDE8F6
:10A0A000F0833B46012204212046CDF80080FFF7D3
:10A0B000EAFE0028EBD1636A1B7885F82030636ADA
:10A0C00001336362E36A013BE362D1E7636C43F00F
:10A0D00008036364DEE70226DCE70226DDE72DE9FC
:10A0E000F743044690468946FEF718FC2568074664
:10A0F000AA6994F84030012B53D0012384F84030F2
:10A1000094F84130012BDEB249D100236364B9F1E8
:10A11000000F3FD0222384F841302B690133A36321
:10A120002B69C4F8309001336363696921F04061A1
:10A1300041F080616961AA61A36BB3B93B4601221A
:10A1400002212046CDF80080FFF79DFE18B9236854
:10A1500002220646DA60012384F84130002384F8A5
:10A160004030304603B0BDE8F0833B460122062173
:10A170002046CDF80080FFF786FE0028EBD195F849
:10A180002020236B1A70236B01332363A36B013BE5
:10A19000A363D1E7636C43F008036364DEE7022640
:10A1A000DCE70226DDE72DE9F743044698468946B9
:10A1B0001546FEF7B3FB94F840300746012B44D018
:10A1C000012384F8403094F84130012BDEB23AD1BB
:10A1D000422300222021626484F841300346CDF8F6
:10A1E00000802046FFF74FFE30BB236820462A68D8
:10A1F00029699A626A685A62AA68DA621A6822F45D
:10A2000040020A43494642F480021A604FF000625D
:10A21000EB68C9F82830FFF783FD3B46324608213A
:10A220002046CDF80080FFF72EFE28B923680822CB
:10A23000DA6084F841600646002384F840303046F6
:10A2400003B0BDE8F0830226F6E70226F7E7F7B58C
:10A25000044616460F46FEF761FB94F8402003467D
:10A26000012A33D0012284F8402094F84120012AA9
:10A270002AD1002282212046626484F84110A16C18
:10A2800000912021FFF7FFFD0546B8B923687268E9
:10A290001868082A20F0080040EA0200186007D178
:10A2A00032681A631022DA601A6842F480121A6067
:10A2B0004FF0406239462046FFF732FD002384F814
:10A2C0004030284603B0F0BD0225F7E70225F8E745
:10A2D00090F84100704737B50446FEF71FFB05466E
:10A2E00094F8413099073CD5002384F84030236826
:10A2F000186810F004000BD01A68E06B22F004021A
:10A300001A60FFF7A1FC18B1636C43F004036364A7
:10A3100023689A68920626D51A680221204642F0E0
:10A3200002021A600122A36C00932B46FFF7ABFDDB
:10A33000024610B1012003B030BD2368022120463F
:10A34000D9602021A36C00932B46FFF79CFD0028C9
:10A35000F0D12268536923F040635361012384F8EC
:10A3600041300020E7E7012384F84130E3E70000B3
:10A37000F8B50446002874D00368D8075ED4236873
:10A38000990700F1AD802368DA0627D59C4A136946
:10A39000916A03F03803082B07D0182B40F0038193
:10A3A00001F00303012B40F0FE801368DB0502D5AA
:10A3B000E369802B55D1FEF7C9FA41F20303216A04
:10A3C00098428F4B00F2E8805A68202922F0F84228
:10A3D0000CBF42F0804242EA81625A60236819074A
:10A3E00000F1238123689A0600F1448123685D0708
:10A3F0001ED5844D2B6843F480732B60FEF78EFAD4
:10A4000006462B68DA0540F15A81A3687C4D012B82
:10A4100040F05C812B6F43F001032B6741F28837DA
:10A42000FEF77CFA764E0546336F9B0740F1748148
:10A43000616A002940F0778100202BE0704A13699F
:10A44000916A03F03803102B05D0182B0BD101F0C3
:10A450000303022B07D113689A0390D56368002B7E
:10A460008DD1012016E06368654DB3F5803F12D1B0
:10A470002B6843F480332B60FEF750FA604E05469C
:10A4800033689B033FF57BAFFEF748FA401B642817
:10A49000F6D90320F8BDA3B92B6823F480332B60D1
:10A4A0002B6823F480232B60FEF738FA06462B68CE
:10A4B0009F037FF564AFFEF731FA801B6428F6D95D
:10A4C000E7E7B3F5A02F2B6803D143F480232B607B
:10A4D000CEE723F480332B602B6823F48023CAE774
:10A4E0004749E2680B69886A13F0380303D0182BD8
:10A4F0002AD1800728D10B685B0701D5002AB0D08C
:10A500003F4D2B6823F0190313432B60FEF706FA27
:10A5100006462B685F0711D5FEF718FA41F20303D0
:10A52000226998426B6822D823F47C33402A0CBFFE
:10A5300043F4003343EA02336B6024E7FEF7EEF99D
:10A54000801B0228E5D9A4E72D4D2B68A2B123F08A
:10A55000190313432B60FEF7E1F906462B685807F1
:10A56000DAD4FEF7DBF9801B0228F7D991E723F054
:10A57000FE4343EA0263DFE723F001032B60FEF7AB
:10A58000CDF906462B6859077FF5FDAEFEF7C6F9F3
:10A59000801B0228F6D97CE7DA6822F07C5242EA76
:10A5A0000162DA601AE7E369154D6BB32B6843F07B
:10A5B00080032B60FEF7B2F906462B68DF0511D544
:10A5C000FEF7C4F941F20303226A984210D86B687F
:10A5D000202A23F0F8430CBF43F0804343EA826310
:10A5E0006B60FBE6FEF79AF9801B0228E5D950E77D
:10A5F000EB6823F07C5343EA0263EB60EEE600BFB6
:10A6000000440258004802582B6823F080032B6056
:10A61000FEF784F906462B68D8057FF5DFAEFEF716
:10A620007DF9801B0228F6D933E76369A34D83B116
:10A630006B6F43F001036B67FEF770F906466B6FB3
:10A640009B073FF5CFAEFEF769F9801B0228F6D9CC
:10A650001FE76B6F23F001036B67FEF75FF9064698
:10A660006B6F9F077FF5BEAEFEF758F9801B02287F
:10A67000F6D90EE7A369914D83B12B6843F480535B
:10A680002B60FEF74BF906462B6898043FF5AEAEFB
:10A69000FEF744F9801B0228F6D9FAE62B6823F46A
:10A6A00080532B60FEF73AF906462B6899047FF534
:10A6B0009DAEFEF733F9801B0228F6D9E9E6FEF7D6
:10A6C0002DF9801B64287FF69CAEE2E6B3B92B6FB0
:10A6D00041F2883723F001032B672B6F23F004032B
:10A6E0002B67FEF71BF906462B6F98077FF5A0AE88
:10A6F000FEF714F9801BB842F6D9CAE6052B2B6F7A
:10A7000003D143F004032B6784E623F001032B6796
:10A710002B6F23F0040380E6FEF700F9401BB842DC
:10A720007FF682AEB5E6654D2B6903F03803182B32
:10A7300078D02B68022923F080732B6065D1FEF757
:10A74000EDF806462B68990159D4AB6AA26A23F446
:10A750007C7323F003031343E26A43EA0213AB6200
:10A76000636BA26B013B013A5B0212049BB202F4E1
:10A77000FE021343226B013AC2F308021343E26B59
:10A78000013A120602F0FE4213432B63EB6A23F0F8
:10A790000103EB626B6BA26C6FF3CF0343EAC2035E
:10A7A0006B63EB6A226C23F00C031343EB62EB6ADE
:10A7B000626C23F002031343EB62EB6A43F48033D1
:10A7C000EB62EB6A43F40033EB62EB6A43F4802301
:10A7D000EB62EB6A43F00103EB622B6843F080739A
:10A7E0002B60FEF79BF8354D04462B689A013FF528
:10A7F00023AEFEF793F8001B0228F6D949E6FEF7D0
:10A800008DF8801B02289DD943E6FEF787F80446A1
:10A810002B689B017FF510AEFEF780F8001B022825
:10A82000F6D936E60129AA6A2B6B3FF41AAE02F07C
:10A830000301A06A81427FF414AEC2F30512E16AFB
:10A840008A427FF40EAE226BC3F30801013A9142B3
:10A850007FF407AE626BC3F34621013A91427FF465
:10A8600000AEA26BC3F30641013A91427FF4F9AD09
:10A87000E26BC3F30663013A93427FF4F2AD6B6B74
:10A88000A26CC3F3CC039A423FF4D6AD0B4DEB6AF6
:10A8900023F00103EB62FEF741F80646FEF73EF8AF
:10A8A000B042FBD06B6BA26C6FF3CF0343EAC203E1
:10A8B0006B63EB6A43F00103EB62BDE500440258B1
:10A8C000494B1A6902F03802102A30B500F088802E
:10A8D000182A0CD0002A40F085801A68434812F0EC
:10A8E000200F03D01B68C3F3C103D84030BD996A61
:10A8F0009D6ADC6A15F47C7FC5F305105A6BF5D0B0
:10A90000C2F3CC0204F0010401F0030107EE900A47
:10A910006243B7EE006A0129B8EEE77A06EE902AA4
:10A92000FAEEE96A4ED002293ED000294AD11A68CF
:10A93000920627D519682D4AC1F3C1011B6BCA4085
:10A94000C3F3080307EE902AF8EEE75AC5EE877ABC
:10A9500007EE103AB8EEC77A37EE267A37EE067A67
:10A9600067EE877A204B1B6BC3F34623013307EE58
:10A97000103AF8EEC76A87EEA67AFCEEC77A17EEB1
:10A98000900AB3E71B6BC3F3080307EE903AF8EEA7
:10A99000E77A77EEA67A77EE867A9FED156AC6EEAD
:10A9A000076A67EEA67ADDE71B6BC3F3080307EEC1
:10A9B000903AF8EEE77A77EEA67A77EE867A9FED10
:10A9C0000D6AECE71B6BC3F3080307EE903AF8EE51
:10A9D000E77A77EEA67A77EE867A9FED076ADEE76A
:10A9E000064883E7064881E7004402580090D003F8
:10A9F0000024744C20BCBE4B0024744A40787D0176
:10AA000000093D002DE9F0410D46044610B9012032
:10AA1000BDE8F081884A136803F00F038B42C0F051
:10AA2000938023685F0700F19B801E070BD5834945
:10AA30006069CA6902F07002904204D9CA6922F0C2
:10AA400070020243CA61D8060BD57C49A069CA6965
:10AA500002F4E062904204D9CA6922F4E06202433F
:10AA6000CA6199060BD57549E0690A6A02F070025D
:10AA7000904204D90A6A22F0700202430A629A07DD
:10AA80000BD56E49E0688A6902F00F02904204D942
:10AA90008A6922F00F0202438A61DF076ED42368BD
:10AAA0009E0700F1A18064490A6802F00F02AA42E1
:10AAB00000F2A880580700F1B18019070BD55F4953
:10AAC0006069CA6902F07002904204D2CA6922F039
:10AAD00070020243CA61DA060BD55849A069CA69F7
:10AAE00002F4E062904204D2CA6922F4E0620243B6
:10AAF000CA619B060BD5514AE169136A03F07003E2
:10AB0000994204D2136A23F070030B431362FFF7D8
:10AB1000D7FE4A494A4A8B69C3F30323D35C03F047
:10AB20001F03D8408B6903F00F03D35C454A03F041
:10AB30001F0320FA03F31360434B1860434BBDE837
:10AB4000F0411868FDF78ABE136823F00F030B432A
:10AB50001360136803F00F038B427FF458AF60E774
:10AB6000364920698A6902F0700290427FF65DAF33
:10AB70008A6922F0700202438A6156E72F4BA1686E
:10AB80009A6922F470620A439A6161681A6802291C
:10AB90001DD112F4003F3FF43AAF1A6941F28838F0
:10ABA000264F22F007020A431A61FDF7B7FE064658
:10ABB0003B69626803F03803B3EBC20F3FF46FAF39
:10ABC000FDF7ACFE801B4045F2D9032020E70329A6
:10ABD00002D112F0007FDEE7012902D112F4807F5A
:10ABE000D9E712F0040FD6E71449E0688A6902F049
:10ABF0000F029042BFF457AF8A6922F00F0202435E
:10AC00008A6150E70A6822F00F022A430A600A6844
:10AC100002F00F02AA427FF4FAAE4BE7074920691F
:10AC20008A6902F070029042BFF447AF8A6922F04D
:10AC3000700202438A6140E700200052004402583B
:10AC4000203E0108600000246400002478100024E5
:10AC500008B5FFF735FE0B4A0B4993699269C3F3B8
:10AC6000032302F00F02CB5C03F01F0320FA03F36F
:10AC7000885C064A00F01F0023FA00F01060044AC6
:10AC8000136008BD00440258203E01086000002403
:10AC90006400002408B5FFF7DBFF054B054ADB69BC
:10ACA000C3F30213D35C03F01F03D84008BD00BFF9
:10ACB00000440258203E010808B5FFF7C9FF054BC4
:10ACC000054ADB69C3F30223D35C03F01F03D840BA
:10ACD00008BD00BF00440258203E0108F8B5394CB9
:10ACE00006460D46A36A03F00303032B67D02368CF
:10ACF00023F080632360FDF711FE074623681A01E5
:10AD000049D4A36A326823F47C3343EA0233A36252
:10AD1000B368F268013B013A5B0212049BB202F491
:10AD2000FE0213437268013AC2F308021343326908
:10AD3000013A120602F0FE421343A363E36A72690A
:10AD400023F0C0031343E362E36AB26923F02003F4
:10AD50001343E362E36A23F01003E362E36BF269F7
:10AD60006FF3CF0343EAC203E363E36A43F01003E4
:10AD7000E362E36AB5B943F40023E362114C23684C
:10AD800043F080632360FDF7C9FD054623681B017E
:10AD90000FD5002005E0FDF7C1FDC01B0228ADD98D
:10ADA0000320F8BD012D0CBF43F4801343F40013BE
:10ADB000E3E7FDF7B3FD401B0228E7D9F0E70120E8
:10ADC000EFE700BF00440258F8B5394C06460D467F
:10ADD000A36A03F00303032B67D0236823F0805397
:10ADE0002360FDF79BFD074623689A0049D4A36AB8
:10ADF000326823F07C7343EA0253A362B368F268BB
:10AE0000013B013A5B0212049BB202F4FE021343BF
:10AE10007268013AC2F3080213433269013A12061A
:10AE200002F0FE4213432364E36A726923F4406331
:10AE30001343E362E36AB26923F400731343E362EA
:10AE4000E36A23F48073E362636CF2696FF3CF0308
:10AE500043EAC2036364E36A43F48073E362E36A30
:10AE6000B5B943F48003E362114C236843F0805387
:10AE70002360FDF753FD054623689B000FD5002096
:10AE800005E0FDF74BFDC01B0228ADD90320F8BD3E
:10AE9000012D0CBF43F4000343F08073E3E7FDF79B
:10AEA0003DFD401B0228E7D9F0E70120EFE700BF96
:10AEB000004402582DE9F8430368054618011ED5E1
:10AEC000AB6EB3F5001F2BD00FD8D3B1B3F5801FF5
:10AED0001DD001262B68D90551D5AB6D042B4DD85B
:10AEE000DFE803F0243F46292900B3F5401FF0D1E5
:10AEF000854AA96E136D23F440130B431365002696
:10AF0000E8E7814AD36A43F40033D362F0E70221D1
:10AF100005F10800FFF7E2FE06460028DAD1E7E770
:10AF2000022105F12800FFF74FFFF5E7764AD36AC3
:10AF300043F40033D36234461CBB734AA96D136DCE
:10AF400023F007030B4313652B689A0528D5EB6D97
:10AF5000802B43D017D8A3B3402B38D001263446DA
:10AF60001EE0002105F10800FFF7B8FE0446E3E704
:10AF7000002105F12800FFF727FFF7E701263446F7
:10AF8000E2E72646E0E7C02B02D0B3F5807FE5D1AB
:10AF900054BB5D4AE96D136D23F4E0730B431365F5
:10AFA0002B685B0531D5D5F8A830B3F5800F49D0B3
:10AFB0001CD8002B39D0B3F5001F3CD001263446F5
:10AFC00023E0514AD36A43F40033D362E0E700211F
:10AFD00005F10800FFF782FE0446D9E7002105F1DC
:10AFE0002800FFF7F1FEF7E72646D9E7B3F5C00FD3
:10AFF00002D0B3F5000FE1D154BB434AD5F8A810F5
:10B00000936D23F460030B4393652B681F0530D5C4
:10B01000D5F8AC30B3F1007F45D01BD8B3B3B3F152
:10B02000807F39D00126344623E0374AD36A43F47F
:10B030000033D362E0E7002105F10800FFF74EFE80
:10B040000446D9E7002105F12800FFF7BDFEF7E728
:10B050002646DAE7B3F1407F02D0B3F1806FE1D149
:10B060003CBB294AD5F8AC10936D23F0E0630B4349
:10B0700093652B68980128D5EB6C202B3BD01AD810
:10B08000DBB1102B31D0012634461EE01E4AD36AB4
:10B0900043F40033D362E3E7002105F10800FFF732
:10B0A0001DFE0446DCE7002105F12800FFF78CFEB9
:10B0B000F7E72646DDE7302BE5D11CBB124AE96CE9
:10B0C000D36C23F030030B43D3642B68D9042CD505
:10B0D0002B6EB3F5005F74D018D8002B64D0B3F595
:10B0E000805F67D0012634461FE0074AD36A43F4E5
:10B0F0000033D362E1E7022105F10800FFF7EEFD1E
:10B100000446DAE72646E0E700440258B3F5405F1C
:10B1100002D0B3F5804FE5D1002C58D19D4A296E5D
:10B12000136D23F4E0430B4313652B689A040BD58E
:10B130006B6EB3F5003F64D04BD8002B51D0B3F504
:10B14000803F57D0012634462B685B040CD5D5F8D8
:10B15000B030B3F1005F75D05BD8002B61D0B3F194
:10B16000805F68D0012634462B681F0411D52B6FF1
:10B17000B3F1805F6ED0B3F1005F71D0002B76D158
:10B18000002C77D1834A296F136D23F040530B4372
:10B1900013652B68D8017DD5AB6C032B00F2BF8003
:10B1A000DFE803F06F6AB66F7A4AD36A43F400337C
:10B1B000D362B1E7002105F10800FFF78FFD0446D7
:10B1C000AAE7002105F12800FFF7FEFDF7E7264674
:10B1D000ABE723F48032B2F5802F02D0B3F5403FC5
:10B1E000B0D1A4B96B4A696E136D23F4E0230B430D
:10B1F0001365A9E7012105F10800FFF76FFD04467B
:10B20000EFE7012105F12800FFF7DEFDF7E726460D
:10B210009AE723F08052B2F1804F02D0B3F1405F41
:10B22000A0D1ACB95B4AD5F8B010936D23F0E043E0
:10B230000B43936598E7012105F10800FFF74EFDE8
:10B240000446EEE7012105F12800FFF7BDFDF7E711
:10B25000264689E74F4AD36A43F40033D3628FE727
:10B26000012105F10800FFF739FD044688E70126B2
:10B2700034468EE726468CE7464AD36A43F40033C9
:10B28000D362002C4ED1434AA96CD36C23F0030344
:10B290000B43D3642B6859024ED53F4F3B6843F4B0
:10B2A00080733B60FDF73AFB80463B68DA053BD58F
:10B2B000002C75D1374BD5F8B4001A6F424012F408
:10B2C000407F0BD01A6F196F22F4407241F4803125
:10B2D0001967196F21F4803119671A67B0F5807FFB
:10B2E00042D0D5F8B4302B4903F44072B2F5407F18
:10B2F0004BD10869294A20F47C5002EA1312024318
:10B300000A61C3F30B03234A116F0B43136713E066
:10B31000022105F10800FFF7E1FC0446B1E7012630
:10B320003446B7E72646B5E7FDF7F8FAA0EB080084
:10B330006428BAD9032634462B68D80709D5EB6FA1
:10B34000102B45D02ED8002B32D0082B39D0012617
:10B3500034462B68990751D5AB6F052B64D8DFE8CD
:10B3600003F0453F5D454545FDF7D8FADFF82480F9
:10B37000074641F28839D8F870309B07B1D4FDF701
:10B38000CDFAC01B4845F6D9D4E70A6922F47C52AD
:10B39000B6E700BF0044025800480258CFFFFF0044
:10B3A0002646C9E723F00802202A01D0182BCED167
:10B3B000A4B9204AE96F536D23F038030B4353655A
:10B3C000C7E7012105F10800FFF788FC0446EFE715
:10B3D000012105F12800FFF7F7FCF7E72646B8E75B
:10B3E000012105F10800FFF779FC0446FCB9114A78
:10B3F000A96F536D23F007030B4353652B685A075E
:10B400002BD5D5F89430052B00F26E81DFE813F0D0
:10B410001A00140066011A001A001A00012105F131
:10B420002800FFF7D1FCE0E701263446E6E7264690
:10B43000E4E700BF00440258012105F10800FFF7CE
:10B440004DFC0446002C40F05281AA4AD5F89410D5
:10B45000936D23F007030B4393652B689B0610D570
:10B46000D5F89030B3F1005F00F0608100F24481C4
:10B47000002B00F04A81B3F1805F00F0508101267B
:10B4800034462B685F0610D5D5F89C30B3F5006FB5
:10B4900000F06E8100F25281002B00F05881B3F56C
:10B4A000806F00F05E81012634462B68180610D5A7
:10B4B000D5F8A030B3F5804F00F07C8100F26081B8
:10B4C000002B00F06681B3F5005F00F06C8101266F
:10B4D00034462B68190714D5D5F88430B3F5805F4E
:10B4E00007D1022105F12800FFF76EFC002818BFE4
:10B4F0000126804AD5F88410536D23F440530B4342
:10B5000053652B68DA0614D5D5F89830B3F5807FEB
:10B5100007D1022105F12800FFF756FC002818BFCB
:10B520000126744AD5F89810936D23F440730B43A9
:10B5300093652B681B031BD5D5F8A410B1F5803F8C
:10B5400000F04081B1F5003F07D0002940F0408174
:10B5500005F10800FFF7C2FB0446002C40F03B81D8
:10B56000644AD5F8A410936D23F440330B439365DC
:10B570002B685F030FD5D5F88830B3F5001F00F0B6
:10B580003B81B3F5401F00F02D81B3F5801F00F023
:10B590002481012634462B68D80309D52B6D002B56
:10B5A00000F03381B3F5803F00F03D810126344641
:10B5B0002B68990007D5022105F12800FFF704FC4C
:10B5C000002818BF0126D5E900319A0340F14381D4
:10B5D000D5F88000B0F5807F00F03F8100F22C812B
:10B5E000002800F02F810124DF0206D541486E6F4C
:10B5F000026D22F0004232430265DE0007D53D486D
:10B60000D5F8B860026922F48042324302619802A0
:10B6100006D53848EE6E026D22F080723243026524
:10B620005A0009D5334A106920F4004010611069AE
:10B63000D5F8BC6030431061002B06DA2D486E6DE2
:10B64000C26C22F040523243C2641F0207D5294A1D
:10B65000D5F88C00536D23F4400303435365CE07A4
:10B6600006D5002105F10800FFF738FB074600B9B1
:10B6700027466B689C0706D5012105F10800FFF7F6
:10B680002DFB064600B93E466B68580706D50221D9
:10B6900005F10800FFF722FB044600B934466B6849
:10B6A000190706D5002105F12800FFF78DFB064696
:10B6B00000B926466B68DA0606D5012105F1280097
:10B6C000FFF782FB044600B934466B689B0600F125
:10B6D000CA80201E18BF0120BDE8F883012105F1B2
:10B6E0002800FFF771FBACE601263446B5E6264696
:10B6F000B3E600BF0044025823F08052B2F1804FFD
:10B7000003D0B3F1405F7FF4BAAEACB95B4AD5F871
:10B710009010536D23F0E0430B435365B1E60021D5
:10B7200005F10800FFF7DAFA0446EEE7022105F119
:10B730002800FFF749FBF7E72646A2E623F48062DC
:10B74000B2F5805F03D0B3F5406F7FF4ACAEACB917
:10B750004A4AD5F89C10936D23F4E0530B4393654C
:10B76000A3E6002105F10800FFF7B8FA0446EEE76A
:10B77000022105F12800FFF727FBF7E7264694E6AC
:10B7800023F40052B2F5004F03D0B3F5C04F7FF45D
:10B790009EAEACB9394AD5F8A010936D23F460433E
:10B7A0000B43936595E6002105F10800FFF796FA33
:10B7B0000446EEE7022105F12800FFF705FBF7E755
:10B7C000264686E6022105F12800FFF7FDFAC3E6CA
:10B7D00001263446CCE62646CAE6284AD36A43F414
:10B7E0000033D3627CB9254AD5F88810536D23F411
:10B7F00040130B435365CEE6012105F12800FFF706
:10B80000E3FA0446EEE72646C5E61C4AD36A43F44B
:10B810000033D36274B9194A296DD36C23F4803391
:10B820000B43D364C4E6022105F10800FFF756FA82
:10B830000446EFE72646BBE620F48072B2F5007FAF
:10B840007FF4D1AE002C7FF4CFAE0C4C626D22F4AD
:10B850004072024362653446C6E6084FFA6A42F413
:10B860000032FA62EEE7022105F12800FFF7ACFA98
:10B8700000283FF42EAF01202EE700BF00440258FD
:10B8800008B5FFF7E5F9054B054A1B6AC3F3021338
:10B89000D35C03F01F03D84008BD00BF004402582A
:10B8A000203E01084F4970B58C6A8E6ACD6A16F445
:10B8B0007C3FC6F30533CA6B00F0908007EE903AE8
:10B8C000C2F3CC03C5F3001204F00304B8EEE77A28
:10B8D0005343012CB7EE006A06EE903AFAEEE96A9D
:10B8E0006ED0022C5ED0002C6AD10B689B0647D527
:10B8F0000A688B6BC2F3C1013B4AC3F30803CA4019
:10B9000007EE902AF8EEE75AC5EE877A07EE103A6E
:10B91000B8EEC77A37EE267A37EE067A67EE877A80
:10B92000304A936BC3F3462307EE103AB8EEC77A5A
:10B9300037EE067AC7EE876AFCEEE66AC0ED006A6B
:10B94000936BC3F3064307EE103AB8EEC77A37EEAF
:10B95000067AC7EE876AFCEEE66AC0ED016A936B71
:10B96000C3F3066306EE903AF8EEE66A76EE866A70
:10B9700087EEA67AFCEEC77A17EE903A836070BD28
:10B980008B6BDFED1A5AC3F3080307EE903AF8EE1B
:10B99000E77A77EEA67A77EE867AC5EE876A67EE63
:10B9A000A67ABDE78B6BDFED125AC3F3080307EEEF
:10B9B000903AF8EEE77A77EEA67A77EE867AECE7B9
:10B9C0008B6BDFED0C5AC3F3080307EE903AF8EEE9
:10B9D000E77A77EEA67A77EE867ADEE7C0E900337B
:10B9E000CCE700BF004402580090D0030024744C00
:10B9F00020BCBE4B0024744A4F4970B58C6A8E6AD5
:10BA0000CD6A16F07C7FC6F305534A6C00F0908037
:10BA100007EE903AC2F3CC03C5F3002204F003040E
:10BA2000B8EEE77A5343012CB7EE006A06EE903A7F
:10BA3000FAEEE96A6ED0022C5ED0002C6AD10B6857
:10BA40009B0647D50A680B6CC2F3C1013B4AC3F39E
:10BA50000803CA4007EE902AF8EEE75AC5EE877A47
:10BA600007EE103AB8EEC77A37EE267A37EE067A46
:10BA700067EE877A304A136CC3F3462307EE103A19
:10BA8000B8EEC77A37EE067AC7EE876AFCEEE66A4A
:10BA9000C0ED006A136CC3F3064307EE103AB8EE2C
:10BAA000C77A37EE067AC7EE876AFCEEE66AC0ED23
:10BAB000016A136CC3F3066306EE903AF8EEE66A89
:10BAC00076EE866A87EEA67AFCEEC77A17EE903A93
:10BAD000836070BD0B6CDFED1A5AC3F3080307EEE9
:10BAE000903AF8EEE77A77EEA67A77EE867AC5EEA8
:10BAF000876A67EEA67ABDE70B6CDFED125AC3F3D7
:10BB0000080307EE903AF8EEE77A77EEA67A77EE3A
:10BB1000867AECE70B6CDFED0C5AC3F3080307EEF3
:10BB2000903AF8EEE77A77EEA67A77EE867ADEE755
:10BB3000C0E90033CCE700BF004402580090D003B6
:10BB40000024744C20BCBE4B0024744A38B50A4A09
:10BB500004460368DA60FCF7E1FE05462368DB680B
:10BB60009B0601D5002038BDFCF7D8FE401BB0F580
:10BB70007A7FF3D90320F6E75FFF0300026870B510
:10BB8000D468054614F040041AD14FF0FF33D36057
:10BB9000FCF7C4FE234606462A68D46814F0400425
:10BBA00001D1032B01D1184670BDFCF7B7FE801BF5
:10BBB0002346B0F57A7FEFD9032385F82130EBE7F0
:10BBC0000023F0E738B50F4C0546E36823F0800307
:10BBD000E360A3689B0606D4FFF7B8FF10B103200B
:10BBE00085F8210038BDA36823F02003A360FFF788
:10BBF000ADFF10B1032085F82100A36843F02003B6
:10BC0000A360EFE70040005838B50446002849D04B
:10BC100090F8213003F0FF021BB980F82020FBF7D9
:10BC200007FF022384F821302368DA68D20604D59E
:10BC30000123002084F8213038BDCA2220465A62F0
:10BC400053225A62FFF79AFF38B103202368FF227C
:10BC50005A620028ECD00320EEE72268206993683E
:10BC600023F4E00323F04003936063689168034387
:10BC7000A069034320460B439360D4E9021343EACF
:10BC800001431361FFF79EFF0028DED1226865693A
:10BC9000D36C23F00303D364E369D16C2B430B43D0
:10BCA000D364D3E70120C7E70023092803D840EA7B
:10BCB0000310C0B270470A380133C0B2F5E72DE96E
:10BCC000F04190F8203005460E469046012B4FF08B
:10BCD000020357D0012280F82130036880F8202029
:10BCE000CA225A6253225A62FFF748FF002847D1FE
:10BCF000296830787478B7788B68B8F1000F32D142
:10BD000013F0400308BFF370FFF7CEFF80462046D4
:10BD1000FFF7CAFF02463846FFF7C6FFF37840EA4E
:10BD2000835343EA084343EA022303F07F3323F0BB
:10BD3000FE430B608B6823F480238B608A68D6E90E
:10BD400003300343284613438B60FFF73BFF2B6808
:10BD5000FF225A6210B9012385F82130002385F8AB
:10BD60002030BDE8F08113F040034FEA042408BFFF
:10BD7000F37044EA0043F2783B4343EA8253D4E74A
:10BD80000320E4E71846ECE7F8B590F820300546C4
:10BD90000220012B2BD0012385F8210085F82030CB
:10BDA0000E78C8784C7876038F780AB346EA004359
:10BDB0003B43CA2243EA04242B6828465A62532292
:10BDC0005A62FFF7DBFE48BB24F07F442A6828460E
:10BDD00024F0C0045460FFF7F5FE2B68FF225A627E
:10BDE00010B9012385F82130002385F82030F8BDF3
:10BDF000E30641BF24F010040A34E4B24C70FFF7AC
:10BE000053FF01462046FFF74FFF04463846FFF731
:10BE10004BFF40EA060343EA0143CAE70320DCE79D
:10BE2000030900F00F0003EB830300EB4300C0B2F3
:10BE3000704738B50368986A486018691B68C0F392
:10BE40000E00C3F3062503F07F048860C3F30540AA
:10BE5000C3F380534D7008708C70CB7052B9FFF7EC
:10BE6000DFFF08702846FFF7DBFF48702046FFF72A
:10BE7000D7FF8870002038BD38B503685B68C3F30E
:10BE80000740C3F3042503F03F04C3F34233C870F3
:10BE90004D708C700B7052B9FFF7C2FFC870284606
:10BEA000FFF7BEFF48702046FFF7BAFF88700020FA
:10BEB00038BD0368503343F821207047036850337E
:10BEC00053F82100704703685A69996941F00801E5
:10BED0009961996941F010019961196821F0010196
:10BEE0001960196921F45B7121F0030119619968E6
:10BEF00021F44041996090F8811004290BD09106FB
:10BF000009D5D0F8841041F08001C0F884109969F7
:10BF100041F02001996190F8811003291BD051064E
:10BF200009D5D0F8841041F00401C0F88410996953
:10BF300041F040019961816AB1F5800F0BD1110682
:10BF400009D5D0F8841041F00201C0F88410996935
:10BF500041F080019961910509D5D0F8841041F034
:10BF60000101C0F88410996941F400719961D2050A
:10BF700009D5D0F8842042F00802C0F884209A69DC
:10BF800042F480729A610023A0F86230A0F86A300F
:10BF9000704770B505460C4616462B685B691B0753
:10BFA00001D5002070BDFCF7B9FC801BA042F4D382
:10BFB000621CF2D00320F5E72DE9F0410446002889
:10BFC0003AD003687F4AC168934209D0A2F578420B
:10BFD000934205D002F58062934201D00F292BD8FD
:10BFE000E26B500901F10802D20800FB02227548F9
:10BFF000834223D0A0F5784083421FD000F58060B3
:10C0000083421BD0082A17D8A26AB2F5800F17D135
:10C010006C4A256B93420AD0A2F57842934206D02F
:10C0200002F58062934202D0B5F5702F04D805B9AD
:10C030000D04B1EB154F04D90120C1E0102AE2E74D
:10C040000D0494F8813003F0FF0223B9204684F8F0
:10C050008020FBF777FE02236168D4F838E084F88B
:10C06000813023681A6822F001021A60A269B2F1D5
:10C07000806F05D1B1F5800F66D1BEF1000F68D099
:10C0800011F48008D4F80CC068D0BCF1060F65D953
:10C090001F68206D27F48077384318600A43E769EA
:10C0A000A06A42EA0E024CEA0707E66BB0F5800F81
:10C0B00047EA000747EA060747EA05079F60676BFC
:10C0C00042EA0702676A42EA0702276942EA070270
:10C0D000676942EA0702276A42EA0702E76C42EA16
:10C0E0000702A76842EA0702A76C42EA0702A76DA7
:10C0F00042EA0702DA6042D1226C012A1A680CBFB8
:10C1000042F4004222F400421A60626C012A1A686A
:10C110000CBF42F4804222F480421A60294AE06A4D
:10C1200093421FD0A2F5784293421BD002F5806261
:10C13000934217D0B5F5702F1A6816D142F4005209
:10C140001A60186419B328E0002999D1BEF1805F04
:10C1500096D1186840F48050186091E7186820F470
:10C1600080709AE7B5F5F81FE6E722F400522D0C2F
:10C170001A6001350122AA4002431A64E2E761B95C
:10C1800028B99A6822F4C05242F400629A609A6810
:10C1900022F4C06242F480629A601A6D22F00102B9
:10C1A0001A65B8F1000F05D0DA68616D22F000421F
:10C1B0000A43DA6000200123C4F8840084F8813047
:10C1C000BDE8F0810030014010B5044688B1026836
:10C1D000022380F88130136823F001031360FBF71A
:10C1E00029FE0020C4F8840084F8800084F88100CF
:10C1F00010BD0120FCE700002DE9F84F04461D4664
:10C200000F469246DDF82880D0F800B0C66BFCF7E8
:10C2100085FB94F881308146012BD8B240F08A81A9
:10C22000002F00F0B580BAF1000F00F0B180002DB2
:10C2300000F0AE8094F88030012B00F07B81052364
:10C2400084F88000C4F864A084F881300023A4F846
:10C250006850C4F88430A4F86A50A4F86250E765C6
:10C26000A4F86050C4E91C332368DA6822F4C022C1
:10C27000DA608D4A93423FD0A2F5784293423BD098
:10C280008A4FBB420CBF102708275A686FF30F0272
:10C290002A435A601A6842F001021A606268B2F5D5
:10C2A000800F03D11A6842F400721A604FEA561ADE
:10C2B000E3680AF1010A0F2B1FFA8AFA6AD9BF084C
:10C2C0002E4645EA06039BB2C3B94A46414620467C
:10C2D000FFF75FFE002840F026812046FFF7F3FDC0
:10C2E000012384F881300023D4F8840084F880305E
:10C2F000C01A18BF01204BE01027C6E723685A690F
:10C30000900724D51DB3EA19964212D35A69596988
:10C31000C90720D51A6B636E43F8042B6366B4F823
:10C320006A30013B9BB2A4F86A30B4F86A60B6B2D6
:10C33000C7E7E26D52F8041B1962E265B4F86220A7
:10C34000013A92B2A4F86220B4F86250ADB25A69D0
:10C35000002EB6D0DBE7564501D21004DAD4FCF744
:10C36000DDFAA0EB09004045C8D3B8F1FF3FC5D0C6
:10C370002046FFF7A8FDD4F88430032043F48073EF
:10C38000C4F88430012384F88130002384F880309D
:10C39000BDE8F88F072B40F2C4807F082E4645EA9F
:10C3A00006039BB2002B90D037E0E36D33F8021BFD
:10C3B000ABF82010E365B4F86230013B9BB2A4F8FF
:10C3C0006230B4F86250ADB25369002EE7D02EE06F
:10C3D000564515D2180413D5BBF83020636E1A8069
:10C3E0000433BBF8302023F8022C6366B4F86A30BB
:10C3F000023B9BB2A4F86A30B4F86A60B6B2CEE7EA
:10C40000012E01D1990415D4FCF788FAA0EB09009C
:10C41000404502D3B8F1FF3FAAD12268536999077A
:10C42000D2D5002DD0D0EB199E42BED353695269AC
:10C43000D207CDD5BBF83020636E23F8022B63669C
:10C44000B4F86A30013BD4E7564531D211042FD5F8
:10C4500093F83030626E1370636E5A1C6266226805
:10C4600092F830205A70636E5A1C6266226892F805
:10C4700030205A70636E5A1C6266226892F830202F
:10C480005A70636E01336366B4F86A30043B9BB242
:10C49000A4F86A30B4F86A60B6B245EA06039BB203
:10C4A000002B3FF412AF12E000300140003C00408E
:10C4B000032E02D812F4C04F28D1FCF72FFAA0EBBC
:10C4C0000900404503D3B8F1FF3F7FF451AF236823
:10C4D0005A69920713D595B1EA1996420FD2E26DC7
:10C4E000127883F82020E36D0133E365B4F86230FD
:10C4F000013B9BB2A4F86230B4F86250ADB223683D
:10C500005A69002EC9D05969C8079DD593F83030B3
:10C51000626E1370636E01336366B4F86A30013B78
:10C52000B5E72E46B9E7D4F8843043F02003C4F8C9
:10C530008430D2E602202BE72DE9F04190F88130DB
:10C5400004461746012BDDB240F09D8000295FD0E4
:10C55000002A5DD090F88030012B00F094800323F6
:10C5600080F88050C16580F8813000230668C0F8EB
:10C570008430A4F86020A4F862204366A0F86830F4
:10C58000A0F86A30C0E91C338368B3F5C02F2DD101
:10C59000336843F400633360E268A06F0F2A836955
:10C5A0002BD9B3F5804F30D1384B4FF0000806F14E
:10C5B00020020364364BC0F85080C363354BC3641C
:10C5C000B36823F40043B360B4F862309BB2FCF765
:10C5D00055FEA0B3D4F8843084F8808043F0100373
:10C5E000C4F88430012384F8813011E0F36823F427
:10C5F000C02343F40033F360CEE7072A0BD9B3F529
:10C60000005FD1D0B3F5804F08D0002384F880308C
:10C610002846BDE8F081B3F5005F05D1B4F862307B
:10C620009BB201335B0807E0B3F5804FBCD1B4F88F
:10C6300062309BB203339B08A4F86230B4E7A26F68
:10C640002368D2691449B2F5807F5A6802EA010270
:10C6500018BF3A435A609A6842F400429A601A69D5
:10C6600042F448721A611A6842F001021A60626864
:10C67000B2F5800F03D11A6842F400721A600025E7
:10C6800084F88050C4E70225C2E700BFCBC600088B
:10C690009DC60008D5C600080000FFFF806B08B5E6
:10C6A00090F88130072B06D0836FDB69B3F5807F6C
:10C6B00002D1FBF709FB08BD0268136943F00803C8
:10C6C0001361F8E7704770477047806B08B5FFF754
:10C6D000FBFF08BD10B5846BFDF71CF902280DD0D7
:10C6E0002046FFF7F0FBD4F8843043F01003C4F881
:10C6F0008430012384F88130FBF7DAFA10BD08B5E5
:10C70000806B0023A0F86A30A0F86230012380F823
:10C710008130FBF7CDFA08BD704700002DE9F047E6
:10C720000668044633697269D6F80880110590F8E6
:10C73000817003EA0205FFB209D51A0707D5B3696C
:10C7400043F40063B361FFF7E7FFBDE8F08705F04E
:10C750006403042B18D1636F20469847236F20464B
:10C760009847012305F04509B9F1010F03D1236F63
:10C77000204698474B4605F02602022A06D1636FF1
:10C780002046BDE8F04718470023EBE7002BDCD13B
:10C790002B0751D523689A6942F008029A619A6979
:10C7A00042F010029A619A6942F400629A611A6931
:10C7B00022F008021A619B6813F4404F1AD02046F9
:10C7C000FFF781FB012384F88130D4F8843023B350
:10C7D000FBF76EFAB9E7E268636E0F2A10D9226898
:10C7E000126B43F8042B6366B4F86A30013B9BB2CA
:10C7F000A4F86A30B4F86A309BB2002BEBD1DEE7C4
:10C80000072A03D9328E23F8022BECE7226892F82C
:10C8100030201A70636E0133E5E7052F02D1FFF770
:10C8200052FF92E7042F02D1FFF74CFF8DE7032F51
:10C830008BD1FBF749FA88E715F4587F85D0680655
:10C840000AD5D4F88430226843F00403C4F8843055
:10C85000936943F040039361A9050AD5D4F8843065
:10C86000226843F00103C4F88430936943F40073F1
:10C870009361EA050AD5D4F88430226843F00803AE
:10C88000C4F88430936943F480739361AB060AD58E
:10C89000D4F88430226843F08003C4F8843093696C
:10C8A00043F020039361D4F88430002B3FF44DAF64
:10C8B000236808F440481A68B8F5404F22F0010296
:10C8C0001A601A6922F45A7222F003021A6122D104
:10C8D0009A68E06F22F440429A6050B1104B0365B1
:10C8E000FCF7B8FD28B1D4F8843043F04003C4F815
:10C8F0008430A06F00283FF428AF094B0365FCF794
:10C90000A9FD00283FF421AFD4F8843043F0400360
:10C91000C4F8843019E70123204684F8813057E7B2
:10C92000FFC60008026852E8003F23F0C00342E857
:10C93000003102680029F5D102F1080353E8003FF5
:10C9400023F4000302F1080C4CE800310029F3D174
:10C950002023C0F88830704710B5026852E8003FC5
:10C9600023F4907342E8003102680029F5D10F4C9E
:10C9700002F1080353E8003F234002F1080C4CE8A1
:10C9800000310029F4D1C36E012B07D152E8003FDA
:10C9900023F0100342E800310029F7D12023C0F82A
:10C9A0008C300023C366436710BD00BFFEFFFFEF5E
:10C9B00038B50546C8B124230024C0F88830036880
:10C9C0001A6822F001021A601C605C609C60FBF730
:10C9D000FBFC2046C5F8904085F88440C5F88840A7
:10C9E000C5F88C40EC662C6738BD0120FCE7704729
:10C9F00070477047806B38B50468D0F88830D0F83D
:10CA00008C50A268120606D5212B04D10023A0F871
:10CA10005630FFF787FFA3685B0606D5222D04D1A9
:10CA20000023A0F85E30FFF797FFD0F8903043F076
:10CA30001003C0F89030FFF7DCFF38BD7047806B03
:10CA400008B501230367C36E012B05D1B0F85C1054
:10CA50004908FFF7F3FF08BDFFF7CAFFFBE708B57A
:10CA60000346806BDB69B3F5807F32D00023A0F8EA
:10CA70005E30026852E8003F23F4807342E80031E0
:10CA800003680029F5D103F1080252E8002F22F0D3
:10CA9000010203F1080C4CE800210029F3D103F155
:10CAA000080252E8002F22F0400203F1080C4CE883
:10CAB00000210029F3D12022C0F88C20C26E012A67
:10CAC00007D153E8002F22F0100243E8002100298B
:10CAD000F7D100230367C36E012B04D1B0F85C10BB
:10CAE000FFF7ACFF08BDFFF782FFFBE70268C369F1
:10CAF0008168F0B504460069156887B00143606934
:10CB00000143A448194328400143E068116051687B
:10CB100021F440510143A06951609F498A421CBFE2
:10CB2000216A0843916821F06E4121F4306101438C
:10CB3000606A9160D16A21F00F010143D162974987
:10CB40008A4212D1964A526D02F03802182A00F039
:10CB5000FF803BD8082A00F0F380102A00F03881CB
:10CB6000002A00F0E780012068E08E498A420DD15A
:10CB70008B4A526D02F00702052AF4D8DFE812F062
:10CB80007C00E0002801E80005012B0086498A426C
:10CB9000EED086498A42EBD085498A42E8D0854961
:10CBA0008A42CFD084498A42E2D084498A42DFD087
:10CBB000794B9A42D7D17A4A936D03F00703052B3C
:10CBC000D1D8DFE803F03643484D570F202A00F054
:10CBD000DC80282AC7D1B3F5004F00F088804FF4DD
:10CBE0000040C2E04FF40040754B626A656833F85C
:10CBF000122005EB4501B0FBF2F39942B3D8B3EB39
:10CC0000053FB0D800234FF480771946F3F7F8FDBD
:10CC100000230646680819462A46E6FB0701F3F793
:10CC2000EFFD684BA0F540729A429CD82368D8600B
:10CC300003E0FEF725FE0028D6D100204FF00113B7
:10CC4000A3660023C4E91D3307B0F0BD6846FEF7B4
:10CC500029FE0198EFE703A8FEF7CEFE0498EAE765
:10CC60001368594813F0200FBED01368C3F3C103F3
:10CC7000D840B9E75548B7E7B3F5004F55D1002381
:10CC8000082B3FF670AF01A252F823F0B9CC000890
:10CC9000C5CC000867CB000867CB0008CBCC0008E8
:10CCA00067CB000867CB000867CB0008D5CC00082D
:10CCB0000423E5E70823E3E7FDF7ECFF0346002B39
:10CCC000BBD014E0FDF7F8FFF8E76846FEF7EAFD91
:10CCD000019BF4E703A8FEF78FFE049BEFE713F038
:10CCE000200F394B03D01268C2F3C102D340606AEF
:10CCF000334A616832F81020B3FBF2F34A0802EBC2
:10CD000043034FF6EF72B3FBF1F3A3F1100191422D
:10CD10003FF629AF23F00F02C3F34203216892B21A
:10CD20001343CB6089E7294BE1E7FDF7B3FF002808
:10CD300083D01AE0B3F5004FC4D0FDF7BDFFF6E78E
:10CD4000B3F5004FB4D06846FEF7ACFD0198EEE7AE
:10CD5000B3F5004F124A1368C1D013F0200F1A48E0
:10CD600003D01368C3F3C103D840616A144A6368EF
:10CD700032F81120B0FBF2F000EB5300B0FBF3F0FF
:10CD80004FF6EF73A0F110024EE7B3F5004FCAD093
:10CD90000E48EAE7F369FFCF000C0058001001408D
:10CDA000004402580044004000480040004C00404D
:10CDB000005000400014014000780040007C00401A
:10CDC0002E700108FFFC0F000090D00300093D0009
:10CDD000B3F5004F3FF46EAF03A8FEF70DFE0498C5
:10CDE000A5E700BF836A1A0710B506D50168846BF2
:10CDF0004A6822F4004222434A60DC0706D50168F3
:10CE0000C46A4A6822F4003222434A60990706D570
:10CE10000168046B4A6822F4803222434A605A0750
:10CE200006D50168446B4A6822F4802222434A6096
:10CE3000DC0606D50168C46B8A6822F4805222435E
:10CE40008A60990606D50168046C8A6822F400524B
:10CE500022438A605A0610D50168446C4A68B4F5CA
:10CE6000801F22F4801242EA04024A6005D14A6817
:10CE7000846C22F4C00222434A601B0606D5026875
:10CE8000C16C536823F400230B43536010BD2DE99C
:10CE9000F843DDF8209004460D4617469846226870
:10CEA000D36935EA03030CBF01230023BB4201D041
:10CEB000002022E0B9F1FF3FF2D0FBF72FFDA0EBFD
:10CEC0000800484529D8B9F1000F26D021680B6821
:10CED0005A07E4D5802DE2D0402DE0D0CE6916F07F
:10CEE00008060CD0082520460D62FFF735FD00230B
:10CEF0000120C4F8905084F88430BDE8F883CB69F1
:10CF00001B05CCD54FF4006320460B62FFF724FDD0
:10CF1000202384F88460C4F890300320EDE72DE9E5
:10CF2000F7439846D0F8883004460E46202B174623
:10CF300046D1002946D0002A44D021230025C0F83C
:10CF40009050C0F88830FBF7E9FCA3688146A4F84C
:10CF50005470B3F5805FA4F8567003D123690BB900
:10CF600035461E46B4F856204B46CDF8008092B2A6
:10CF700042B940212046FFF78AFF202348B9C4F870
:10CF8000883009E0002280212046FFF780FF30B181
:10CF900020230320C4F8883003B0BDE8F083226862
:10CFA0005EB935F8023BC3F308039362B4F8562028
:10CFB000013A92B2A4F85620D4E716F8013BF4E700
:10CFC0000220E9E70120E7E773B500260446C0F830
:10CFD0009060FBF7A3FC236805461B681A071CD565
:10CFE0006FF07E4332464FF4001100930346204613
:10CFF000FFF74DFF88B1226852E8003F23F080031D
:10D0000042E800310029F6D12023C4F888300320FB
:10D01000002384F8843002B070BD23681B685B076E
:10D0200024D56FF07E4300224FF480012046009308
:10D030002B46FFF72CFFC8B1226852E8003F23F4CB
:10D04000907342E8003122680029F5D102F108030B
:10D0500053E8003F23F0010302F1080040E80031EB
:10D060000029F3D12023C4F88C30D0E720230020FE
:10D07000C4F88830C4F88C30E0662067C8E710B583
:10D08000044650B3D0F888301BB980F88430FBF7E1
:10D0900033F924232268C4F88830136823F001038D
:10D0A0001360A36A13B12046FFF79CFE2046FFF7EA
:10D0B0001DFD012811D0236820465A6822F49042B1
:10D0C0005A609A6822F02A029A601A6842F00102B5
:10D0D000BDE810401A60FFF777BF012010BD0000C7
:10D0E00070B51346A0F85C20002204468165C0F8A4
:10D0F00090202220C4F88C00D4F88000A8B11D4EE6
:10D100002568C6631C4E06641C4EC0E913620A46BD
:10D1100005F12401FCF7B2F838B110230120C4F85E
:10D1200090302023C4F88C3070BD226923683AB156
:10D1300053E8002F42F4807243E800210029F7D120
:10D1400003F1080252E8002F42F0010203F1080047
:10D1500040E800210029F3D103F1080252E8002F32
:10D1600042F0400203F1080141E800200028F3D119
:10D17000DAE700BF5FCA00083FCA0008F5C9000827
:10D18000D0F88C30202B30B415D1B9B1B2B1002316
:10D190000468C3660A4B9C420AD063681B0207D529
:10D1A00054E8003F43F0806344E80035002DF7D198
:10D1B00030BCFFF795BF022030BC70470120FBE771
:10D1C000000C0058F8B50F4616461D4604460028C8
:10D1D00033D0D0F888301BB980F88430FBF78CF856
:10D1E00024232268C4F88830136823F001031360F5
:10D1F000A36A13B12046FFF7F5FD2046FFF776FC42
:10D2000001281AD023682D049A6845EA465542F44D
:10D2100080429A60986820F4004038439860204625
:10D220001A686FF3194215431D601A6842F0010233
:10D230001A60BDE8F840FFF7C7BE0120F8BD000046
:10D24000012810B501D80A7842B94FF0E023D3F88D
:10D25000F03DDB0700D500BE002004E0054C012AAC
:10D26000225401D0012010BD00F0D2FC0028F9D1D9
:10D27000EBE700BF586C0024012805D8034A135C73
:10D28000012B01D1F5F78AB8704700BF586C002414
:10D290000378024613F0010011D11378C3F3800123
:10D2A0005B070FD4137813F001000AD113785B07E2
:10D2B00008D41378012043F0040313707047002052
:10D2C00070470846704702780346C2F38000520751
:10D2D00009D51A7812F0010104D11A7861F382029B
:10D2E0001A7070470020704730B5C478858804F004
:10D2F0000304C5F30A03022C0CD0032C31D0012CFB
:10D3000014D1022940F2FF3208BF4FF480629A42E2
:10D3100016D204E002290BD1B3F5007F10D04FF0F4
:10D32000E023D3F8F03DDA0700D500BE002030BD81
:10D3300042B1B3F5007F05D140230371002343714F
:10D340000120F4E7202B0AD815F4FF6FE7D0083B43
:10D35000064A9BB222FA03F3DB07F1D4DFE7402B46
:10D36000DCE7022918BF4022CEE700BF010100011F
:10D370000A4430B5914200D330BD4C78052C06D11B
:10D380008C7804F00F05E40900EB45052B550C786B
:10D390002144EFE7027861F3000213B504990446D3
:10D3A00000F8082B00930123BDF8142000F0E3FAE5
:10D3B000069B01206360BDF81C30638002B010BD85
:10D3C00001207047F7B50F780C460E8A0546498A4A
:10D3D00017F0020FB6B289B20CBF40234FF40073AE
:10D3E0008E4202D0002003B0F0BD002AFAD0013BEB
:10D3F0001342F7D1FA07F5D4617800F00FFE002848
:10D40000F0D0237813F0010307D04FF0E023D3F8D6
:10D41000F03DDB07E6D500BEE4E700931A466178ED
:10D42000284600F017FE0028DDD1EEE773B501F1C4
:10D43000080506460C46284600F0B0FAC0B123782D
:10D44000DA0715D46178304600F0E8FD80B128464F
:10D450006288616800F0E8FA2378054603F001036A
:10D46000B0B143B14FF0E023D3F8F03DDB070DD46A
:10D47000002002B070BD00930346626830466178B8
:10D4800000F0E8FD0028EDD02846F2E700BEEFE707
:10D49000002BEDD16178304600F0CEFDE8E72DE9B4
:10D4A000F34107460C4690461E46DBB18B896BBBA9
:10D4B0000B78DA0716D4497800F0B0FD90B1658892
:10D4C00041466068B54228BF35462A4603F07EFBD8
:10D4D000237813F0010307D04FF0E023D3F8F03D99
:10D4E000DB0711D4002509E061785DB16268009323
:10D4F0003846ABB200F0AEFD0028EDD0284602B0B1
:10D50000BDE8F0812A46F2E700BEEBE701F108032F
:10D51000B2B2414618461E4600F0D5FA23780546B9
:10D52000304613F0020F0CBF4FF040084FF4007864
:10D5300000F034FA404502D2A3894345DED22146A9
:10D540003846FFF773FFD9E7F7B58A8906460C46D8
:10D550000B780ABBD9070ED4617800F05FFD50B19B
:10D56000237813F0010009D04FF0E023D3F8F03D09
:10D57000DB0700D500BE002003B0F0BD63886178F2
:10D5800043B162680090304600F064FD0028EBD0A3
:10D590006088F1E71A46F5E713F0020F01F108077A
:10D5A0000CBF40254FF40075384600F019FA85424B
:10D5B000E1D82378DA07DED46178304600F02EFD1A
:10D5C0000028D8D0384600F00BFA2378854203F0C3
:10D5D000010316D8002BC7D16D42628861780540DF
:10D5E000ADB2954228BF15464DB1626800933046F2
:10D5F0002B4600F02FFD0028B6D02846BCE72A466F
:10D60000F4E7002BB7D16178304600F015FDB2E7A2
:10D6100070B50C46064611469AB204F1080000F0B7
:10D6200003FA054621463046FFF78EFF284670BDB7
:10D630000A44400092B2914201D8824201DB121AA0
:10D6400092B21046704738B50546D41A9A42084639
:10D65000A4B2A9883CBF04EB4104A4B2B4B1A14276
:10D6600005D2914294BF521A521893B26B819942DB
:10D6700009D9EA882968C2F30E0202FB031103F0FC
:10D68000A5FA012038BD5B1A9BB2F0E72046F9E706
:10D69000930813B501EB8303044699420BD112F0B2
:10D6A000030206D0002301A8019303F08FFA019B27
:10D6B000236002B010BD51F8040B2060EDE72DE9A6
:10D6C000F347BDF82840804685880F461E1BA342BD
:10D6D000B6B23CBF06EB4506B6B266B3B54206D25B
:10D6E0009D422E4694BF5B1B5B199CB244819642BF
:10D6F00028BF1646A54222D9281BB8F80620751B5C
:10D700009DF82C10C2F30E0380B22544D8F800A077
:10D7100010FB03F9012915FB03F51A461FFA89F9D5
:10D7200003FB04A4ADB218D086420BD87243214645
:10D73000384603F04BFA304602B0BDE8F087641B70
:10D74000A4B2D7E74A462146384603F03FFA2A46B4
:10D75000D8F8001007EB0900EBE7864207D816FB64
:10D7600003F2214692B23846FFF792FFE3E729F031
:10D77000030138461FFA81F821464246FFF788FF29
:10D7800019F003091BD0C9F10403002204EB0801BE
:10D790009BB2019201AA01EB0904AB42104628BFDB
:10D7A0002B46ED1AADB2A1420ED14A445344A2EB2E
:10D7B0000A029A450AEB02010BD1019B3B60002D46
:10D7C000B9D02A465146CEE711F801CB00F801CB7B
:10D7D000E9E71AF8010B0870EBE7930800EB830305
:10D7E00013B5984209D112F0030204D00B6801A9C5
:10D7F000019303F0EBF902B010BD0C6840F8044B44
:10D80000EFE72DE9F74F0746164600898846FA7973
:10D810009B467D8980B2D209BC88ADB211D1A842A5
:10D8200036BFC5EB4405451B2D18ADB2A54280F0AF
:10D83000A080621B92B2B24228BF324696B2054621
:10D840000AE0A64234D32BB9FA88361BC2F30E0283
:10D8500002FB061844B326462946A1423AD2A4EB5D
:10D86000010CFA88341B3B68C2F30E001FFA8CFCD3
:10D870000C44BBF1010F1CFB00F9024614FB00F441
:10D8800000FB013A1FFA89F9A4B230D0B44524D381
:10D8900072434146504603F099F9344632462946D0
:10D8A000B888FFF7C5FE3881204603B0BDE8F08F89
:10D8B000A8424FEA440136BF4A1B421B121892B2DB
:10D8C00032448A42BBDBA21B2946204692B2FFF7B4
:10D8D000AFFEB4E7091B89B2BFE74A46414650464E
:10D8E00003F074F9224608EB09013868D3E7B44520
:10D8F00007D310FB06F24146504692B2FFF76DFF88
:10D90000CBE729F0030B414650461FFA8BFB5A46E2
:10D91000FFF763FF19F0030929D0C9F10403D8F810
:10D9200000200BF1FF3B01A89BB20192DA4449466B
:10D93000A342024628BF2346E41AA4B2013910F8D4
:10D9400001CB11F0FF010AF801CFF7D138684A4442
:10D950000344121A984200EB020104D1002C9CD01F
:10D9600022464146CAE7097800F8011BF2E7386809
:10D97000F4E7002498E7B2F5004F0DD88280C3F396
:10D980000E039DF80020016043EAC233C3800023E8
:10D990004381038101207047002070470246808840
:10D9A000138952899BB292B2934236BFC2EB4002B6
:10D9B0009B1A9B189BB2984228BF18467047038950
:10D9C00042899BB2818892B2934236BFC2EB410238
:10D9D0009B1A9B189BB299428CBF00200120704774
:10D9E000038941899BB2828889B28B4236BFC1EBE1
:10D9F00042015B1A5B189BB29A4286BFD01A80B272
:10DA0000002070470289438992B29BB210B5044648
:10DA1000FFF719FE034602466189A08889B2FFF725
:10DA200007FE6081184610BD73B50389002645893D
:10DA300004469BB2ADB2CDE90056FFF740FE6189C6
:10DA40000346024689B2A088FFF7F2FD60811846BE
:10DA500002B070BD73B503890126458904469BB2A7
:10DA6000ADB2CDE90056FFF72AFE618903460246B2
:10DA700089B2A088FFF7DCFD6081184602B070BD56
:10DA800070B5058904460E46ADB2FFF798FF10B198
:10DA9000E079C00913D0A3882846834210D9E288D0
:10DAA00031462368C2F30E0202FB003003F08EF809
:10DAB00001222946A088FFF7BBFD2081012070BD0F
:10DAC000C01A80B2E9E712B10023FFF79ABE1046F0
:10DAD000704712B10123FFF794BE10467047002330
:10DAE0004381038101207047C379B1EBD31F1CBF71
:10DAF00061F3C713C3710120704700207047000015
:10DB00002DE9F041054600241B4E1C4FDFF87C80B8
:10DB10003178E3B2CA1CD2B29A4210D8382200211E
:10DB20001748F3F7B3F91022FF211648F3F7AEF9BF
:10DB30001222FF211448BDE8F041F3F7A7B999423A
:10DB40000ED9D8F80020242101FB03237BB94FF024
:10DB5000E023D3F8F03DDB0700D500BEBDE8F0813F
:10DB60005B1ADBB2022BF2D8242202FB0373DB68C0
:10DB7000284601349847CBE7206D002448700108FF
:10DB8000296D00242D6D00243D6D0024246D00249A
:10DB900070B50C4605461646486900F099FE636963
:10DBA000324628460121BDE8704018470346034A23
:10DBB00010780BB1F4F74ABAF4F75EBA9410002467
:10DBC0007047704700207047002070470020704762
:10DBD00070477047704770470346002018707047C1
:10DBE000024B187800F00100704700BF296D002437
:10DBF000024B5878003818BF01207047296D002467
:10DC0000024B1878C0F38000704700BF296D0024D4
:10DC10002DE9F84FDFF8C48005460E4698F800302D
:10DC2000FF2B46D149B94FF0E023D3F8F03DDB0795
:10DC300000D500BE0020BDE8F88F38220021214821
:10DC40000024F3F723F9204B204F21481C70FFF7E5
:10DC500046FF204B3846204ADFF884901A60FFF7D1
:10DC6000BBFF3B78C9F80000FC2BDCD84FF0240A3E
:10DC7000DFF870B00CE099421DD9D9F800200AFBFA
:10DC80000323002BCFD05B680134002BCBD0984707
:10DC90003978E3B2CA1CD2B29A42ECD8314628464F
:10DCA00088F80050F4F722FA0028BCD02846F4F790
:10DCB000CDF90120BFE75B1ADBB2022BB3D80AFB18
:10DCC00003B3E0E7296D0024286D0024206D0024B3
:10DCD000801000245C6C00247C100024941000242C
:10DCE000246D0024487001082DE9F043437885B085
:10DCF00004460E46023B052B16D8DFE813F006005B
:10DD0000B6002A003200CD00D200874B00211A78DD
:10DD100022F001021A701A7822F002021A70597069
:10DD20001A7861F382021A70804B1F6816B93B683B
:10DD3000304698472146381DFFF7A2FE054616B922
:10DD40003B6801209847002D77D0324661782078D3
:10DD50009FE0754B1A78D70776D51A7842F00402FF
:10DD6000E1E7714A1378DD076ED5137823F00403D9
:10DD70001370D9E799426AD9D9F80020242101FB10
:10DD80000323002B6AD101353978EBB2CA1CD2B219
:10DD90009A42EFD8644D2B7858072CD52B7823F076
:10DDA00004032B700023CDF80630CDF80A30ADF80F
:10DDB0000E3023788DF8043005238DF805305B4B49
:10DDC000D3F800801EB9D8F800303046984701A932
:10DDD00008F10400FFF754FE07461EB9D8F80030DA
:10DDE00001209847002F47D14FF0E023D3F8F03DB2
:10DDF000D90700D500BEEB78DA0725D50023CDF88A
:10DE00000630CDF80A30ADF80E3023788DF80430A6
:10DE100003238DF8053063680293444B1D6816B9DF
:10DE20002B683046984701A9281DFFF729FE0446B4
:10DE300016B92B680120984734BB4FF0E023D3F884
:10DE4000F03DDB0700D500BE05B0BDE8F0835B1AEE
:10DE5000DBB2022B97D8242202FB03831B6A002B20
:10DE600091D06168207898478DE70025304FDFF822
:10DE7000CC80DFF8C49087E732469DF805109DF806
:10DE80000400FFF79DFEB6E732469DF805109DF8A9
:10DE90000400FFF795FED7E7264A13780133DBB27B
:10DEA00066E7017911F00F033FF43EAF1E4D4FEAD4
:10DEB000430C1F4AC80905EB4303127803EBD11347
:10DEC0001B7D934226D21C4A2427126807FB03239A
:10DED000002B3FF429AFDF69002F3FF425AF6544E5
:10DEE0006279054495F82630203523F00103AB71A3
:10DEF000AB7923F00403AB71A3682078B8470028FE
:10DF0000A2D1AB7943F00103AB71AB7943F00403C9
:10DF1000AB7109E79B1ADBB2022B3FF605AF242752
:10DF2000064A07FB0323D6E7296D00245C6C002416
:10DF3000206D0024286D0024246D00244870010801
:10DF400010B5054C18B963680BB923689847636826
:10DF50000133636010BD00BF8C100024054A536874
:10DF600033B1013B536018B913B913680120184746
:10DF7000704700BF8C10002438B58B780C4603F036
:10DF80000F03082B08D94FF0E023D3F8F03DDB074F
:10DF900000D500BE002038BD074B002220461D786A
:10DFA000064B9978FFF7A0F90028ECD021462846C7
:10DFB000BDE83840F4F70AB994100024296D002414
:10DFC0002DE9F04781460C4690469A460025DDE94A
:10DFD0000867A84501DC01200AE06378052B09D019
:10DFE0004FF0E023D3F8F03DDB0700D500BE002062
:10DFF000BDE8F087E37803F003035345F0D12146F1
:10E000004846FFF7B9FF0028EAD0A3780135DA09BE
:10E0100014BF3B70337023781C44DAE7CB0901F05E
:10E020000F0204480021263303EB42031844FFF794
:10E030002FB900BF296D0024CB0901F00F0204485D
:10E040000021263303EB42031844FFF73CB900BF1D
:10E05000296D002437B501F00F05154C04EB45047C
:10E0600004EBD11494F826002034C00709D54FF0F2
:10E07000E023D3F8F03DDB0700D500BE002003B05D
:10E0800030BDA07940F00100A0719DF8180000900B
:10E0900008480078F4F704F90028F0D1A27960F379
:10E0A0000002A271A27960F38202A271DFE700BFD1
:10E0B000296D00249410002401F00F02044B03EB9F
:10E0C000420303EBD11191F8260000F001007047E4
:10E0D000296D00240C4B10B50C461878F4F72EF976
:10E0E0000A4904F00F0301EB430101EBD41191F84D
:10E0F000263043F0020381F8263091F8263043F0B1
:10E10000010381F8263010BD94100024296D0024ED
:10E110000C4B10B50C461878F4F722F90A4904F0B4
:10E120000F0301EB430101EBD41191F8263023F0EA
:10E13000020381F8263091F8263023F0010381F89C
:10E14000263010BD94100024296D002401F00F0228
:10E15000044B03EB420303EBD11191F82600C0F30B
:10E1600040007047296D00249C4B2DE9F04F1B782F
:10E1700087B0FF2B3FD0DFF87092994B00201D68CD
:10E180002C4654F8043B984703A92046FFF73AFC75
:10E1900004462B68012098476CB39DF80D30013B75
:10E1A000072B00F2FF82DFE813F008001300F402EF
:10E1B000D902E5021C009D02ED029DF80C00FFF75C
:10E1C0009FFC00F07DFB9DF8103089F80230D4E709
:10E1D0009DF80C00FFF794FC00F072FBFFF7F9FCD0
:10E1E000CBE7804A13784BB94FF0E023D3F8F03DEA
:10E1F000DC0700D500BE07B0BDE8F08F1378013B07
:10E20000DBB21370137803F0FF00002BB5D1764C0E
:10E210009DF80C50237843F00103237094F82630C6
:10E2200060F3000384F8263094F8263060F382030C
:10E2300084F8263094F8273060F3000384F8273000
:10E2400094F8273060F3820384F8273000F040FB15
:10E250009DF8103003F06002602A07D14FF0E023F0
:10E26000D3F8F03DDD072BD500BE29E0402A0BD1C5
:10E270005E4800F02DFB04AA01212846FFF73DFC73
:10E2800000287FF47AAF1BE003F01F03012B00F09E
:10E290009481022B00F0C881002BDFD1202A27D1E6
:10E2A0009DF814300F2B0BD82344514A1B79127858
:10E2B000934210D24F4A1168242202FB031191B9F4
:10E2C0009DF80C000021F4F739F880219DF80C002E
:10E2D000F4F734F851E79B1ADBB2022BF0D8242272
:10E2E000454902FB031104AA2846FFF751FCC7E782
:10E2F000002AB3D19DF81130092BAFD801A252F8F2
:10E3000023F000BF99E5000887E500085DE20008FA
:10E3100073E500085DE200082DE30008C9E4000889
:10E320005DE2000847E3000851E3000804A800F09C
:10E33000D5FA9DF812102846F3F7E6FF237843F04C
:10E340000203237019E763788DF80A3001232DE169
:10E350009DF8126063789E4211D063785BB1002112
:10E360002846F3F71BFF2846F3F74AFFA77828460D
:10E37000FFF7C6FBA770667036B9FFF72AFC04A941
:10E38000284600F061FAF8E6701EC0B2FAF78EF97E
:10E3900010B14378022B09D04FF0E023D3F8F03DC1
:10E3A000DF0700F18F800023637057E7C37900F126
:10E3B0000907C3F38012C3F340131B0143EA42135E
:10E3C000227822F03002134323704388C31800934D
:10E3D000009BBB4212D8FFF7FBFBD0E79410002450
:10E3E0005C6C0024286D0024296D0024FBDA0008F1
:10E3F000206D0024246D0024487001087B780B2BCD
:10E4000009BF3B784FF0010A97F803A0FF187B780B
:10E41000042BC1D1009B4FF0000BDB1B9BB2AC4A1D
:10E420005FFA8BF81678F21CD2B24245B4D9464551
:10E430002ED9A84A1668242202FB0866002EABD00B
:10E440001A460193394633692846984708280246F8
:10E45000019B34D9834232D3BAF1010F05D131691E
:10E460009D4B994208BF4FF0020A0021CBB29A455A
:10E4700019D84346394699480192FEF779FF944BE3
:10E48000019A1B7817440333DBB24345A0D883E7D6
:10E49000A8EB0606F6B2022E3FF67EAF2422904984
:10E4A00002FB0616CCE7B8780131034454FA83F333
:10E4B0001879FF287FF470AF83F80480D6E70BF15A
:10E4C000010BACE700BE6EE7BDF812301A0AD8B2F5
:10E4D000531E0E2B3FF6F4AE01A151F823F000BFFE
:10E4E0001DE500083FE5000859E50008C1E2000805
:10E4F000C1E200086DE500083FE50008C1E2000840
:10E50000C1E20008C1E20008C1E20008C1E200085F
:10E51000C1E20008C1E2000835E50008FAF7BEF8DC
:10E52000024600283FF49AAE122304A9284600F0C0
:10E530009DF9A5E6FFF746FB024640B9C0E6022A70
:10E5400007D1FAF7B3F8024600283FF487AE5388A4
:10E55000EBE7FFF73BFBEFE7BDF81410FAF7B6F86F
:10E56000024600283FF4ACAE0378DEE7FFF72CFB51
:10E57000F6E7BDF81230012B7FF4A2AE237843F00A
:10E5800008032370FBE6BDF81230012B7FF498AE30
:10E59000237823F00803F4E72378C3F340129B08A1
:10E5A00003F002031343ADF80A3002230DF10A020F
:10E5B00004A9284600F05AF9DFE59DF814300F2B26
:10E5C0003FF67EAE2344424A1B79127893421ED214
:10E5D000404A1168242202FB031100293FF470AE67
:10E5E00004AA2846FFF7D4FA00287FF4C6AD9DF8A8
:10E5F000103013F060047FF463AE00F069F99DF809
:10E6000011300A2B0DD00B2B3FF4B9AE58E69B1AF4
:10E61000DBB2022B3FF654AE2422314902FB031138
:10E62000DEE78DF80A4091E69DF8141001F00F0323
:10E63000082B3FF613AE04EB4303254803EBD1133D
:10E6400000781B7D834214D222480668242000FBF8
:10E650000366E2B99DF8113003F0FD02012A1AD0D9
:10E66000002B7FF4FBAD2846FFF770FDADF80A00E4
:10E670009BE71B1ADBB2022B00F29D802420184E70
:10E6800000FB0366002AE5D004AA31462CE6002EE2
:10E690003FF416AEF8E7BDF8122022B9012B284648
:10E6A00012D1FFF735FD002E3FF467AD314604AAC5
:10E6B0002846FFF76DFA002000F00AF994F8273099
:10E6C000DE073FF55AAD5AE6FFF704FDEBE700BF62
:10E6D000206D0024246D002405EB00083D6D00240E
:10E6E000487001089DF8101001F00F0409EB440276
:10E6F00002EBD11292F8263023F0010382F8263083
:10E7000092F8263023F0040382F826303CB9059BAA
:10E710009DF811209DF80C0000F0EEF82DE5137D1A
:10E72000274A127893420FD2264A2420126800FB0F
:10E730000323002B3FF458AD9C699DF81120059BE5
:10E740009DF80C00A04718E59B1ADBB2022B3FF6A0
:10E750004BAD24201C4A00FB0323EDE799F8003061
:10E76000D8077FF50AAD99F80000C0F3C000FFF7A5
:10E7700031FA02E599F80030D9077FF5FEACFFF7D2
:10E780002AFAFAE4049B002B3FF4F7AC059898476B
:10E79000F3E499F80330DA077FF5EFAC0498FFF75C
:10E7A00010FAEAE44FF0E023D3F8F03DDB077FF501
:10E7B000E4AC00BEE1E4002A7FF482AD002649E724
:10E7C000206D0024246D002448700108154B37B5D6
:10E7D00099890546DA8993F900008C1AA4B2402C75
:10E7E00028BF4024002811DA914215D09968B1B1B0
:10E7F00022460D4802F0EAF980210B4A0023284600
:10E8000000932346FFF726FC03B030BD91424FF042
:10E810000001F2D10A46F1E780210022EEE7084626
:10E82000F2E700BFC06D0024806D002407B500230F
:10E83000C9431A4601F080010093FFF70BFC03B0B7
:10E840005DF804FB7047000030B4074C05460B46EA
:10E8500008682246496803C2002228461978C4E99C
:10E86000022230BCFFF7E2BFC06D0024F8B5134EA2
:10E870000C460546086837464968B26003C7002160
:10E88000F181E1888B4228BF0B46B38189B14BB13E
:10E8900042B94FF0E023D3F8F03DDB0700D500BECE
:10E8A000002005E02846FFF791FF0028F1D0012065
:10E8B000F8BD21782846FFF7B9FFF6E7C06D0024C0
:10E8C000142200210148F2F7E1BA00BFC06D002414
:10E8D000014B1861704700BFC06D002410B502469F
:10E8E000044C00685168234603C30023C4E9023383
:10E8F00010BD00BFC06D002470B5284C1E46C9096C
:10E9000005462378B1EBD31F13D03EB14FF0E0237F
:10E91000D3F8F03DDB073FD4002070BD2146FFF760
:10E9200091FF23691BB12246032128469847012005
:10E93000F3E794F90030002B06DBA0680028EBD049
:10E940003246174902F042F9E389A268334432445F
:10E950009BB2A260E288E3819A4201D03F2E17D891
:10E96000236933B921782846FFF760FF0028DED1FC
:10E97000CCE70221094A2846984701460028F1D1F0
:10E980002846F3F7DBFC80212846F3F7D7FCCEE7D7
:10E990002846FFF71BFFE9E700BEBDE7C06D002476
:10E9A000806D00247047704770477047704770470C
:10E9B0007047000010B508B1002010BDFFF718F92E
:10E9C0000446FFF71DF9002CF6D00028F4D1024BC5
:10E9D000D87800F00100F0E7606E002430B9044BF5
:10E9E000586808601A899B7A8A808B71704700BFCB
:10E9F000606E002408B518B90248FEF7CFFF08BDC5
:10EA00000020FCE7886E0024134628B90A46034913
:10EA100011F8200CFEF7FCBD00207047806E00242A
:10EA2000134628B90A46034911F80C0CFEF737BD06
:10EA3000002070476C6E002420B9034911F80C0CBB
:10EA4000FEF7F4BC002070476C6E0024F0B540F275
:10EA5000344285B000211748F2F718FA154F4FF4E9
:10EA6000E13340264FF40075134C7B604FF608737A
:10EA700007F120007B8107F50D7302943444009365
:10EA8000002303961A4619460195FEF783FC0B4BAB
:10EA900007F1340200211B7807F10C0000920122DB
:10EAA000C3F380030396CDE90154FEF773FC05B070
:10EAB000F0BD00BF606E0024E06D002495100024BE
:10EAC00008B50548FEF77CFC034BA3F11400FEF7E4
:10EAD00077FC012008BD00BF806E002438B5074CCC
:10EAE0000025074B2046197840F8145BC1F38001DC
:10EAF000FEF7FAFF84F82150657338BD606E00247C
:10EB0000951000242DE9F84F4B7981460F46022BD2
:10EB100012D18B79022B0FD1474E96F82130002B62
:10EB200000F08180737B002B7DD04FF0E023D3F881
:10EB3000F03DD80700D500BE0020BDE8F88F1C4688
:10EB40004445627805D223782344984501D3242A8A
:10EB5000F5D0052A09D121464846FFF70DFA0028CD
:10EB6000E3D0A378B37023781C446378042B02D1DC
:10EB700063790A2B51D0254632E0434530D2A8456F
:10EB80002ED36B78052BD0D1EB7803F00303022B47
:10EB9000CBD129464846FFF7EFF90028C5D0AB880E
:10EBA000AA78C3F30A03A3F500714B424B41D10984
:10EBB0001DD07273327B63F341029BF800303273D5
:10EBC0009A0710D51D494846FEF730FC0AF1010AA4
:10EBD0002B4621795FFA8AF21D7891421D44CCD8E8
:10EBE000E81B80B2A9E71648FEF779FFEEE786F842
:10EBF000212096F8202063F341029BF80030DB07C8
:10EC000086F8202002D40F48FEF769FF0E494846D7
:10EC1000FEF79AFC0028D9D187E723464FF0000A77
:10EC2000DFF828B0D5E7BB7807EB020886F800903C
:10EC300073703C783C4483E7606E00246C6E002463
:10EC4000746E0024886E0024806E002495100024C9
:10EC50000B461146127802F06002202A70B504D1EA
:10EC6000264C8A886578954239D0002006E0012B31
:10EC700005D10723224AFFF7F9FD012070BD032BC0
:10EC8000FBD11F490020FFF792FEF6E7012BF4D1DC
:10EC9000EFE7012B02D1FFF7D7FDEEE7032BECD115
:10ECA0004B88184803F00105C3F34006E370164B88
:10ECB000197811F0040118BF85F00101FEF714FF67
:10ECC000324629460020FFF771FED6E7012BE2D03D
:10ECD000032BD2D149880020FFF76AFECDE74A789E
:10ECE000203A032AC1D801A555F822F06FEC00089C
:10ECF0008DEC000893EC0008CDEC0008606E002459
:10ED0000646E0024746E0024951000242DE9F041F7
:10ED1000314C1F4606460D4694F821308B421CD0DC
:10ED2000637B8B4204D0A3788B424AD1002948D020
:10ED3000637BAB420CD10020FFF736FE27493046FB
:10ED4000FEF774FB20B93A4624493046FEF73AFBF9
:10ED5000A378AB4231D001203BE0A38D2BB1BAB2F6
:10ED6000616A04F12800FEF7AEFEE37AFF2B21D1A1
:10ED7000228E638E92B29BB29A4202D00020FFF79D
:10ED800011FE17493046FEF7DFFBD1E7626AE37AEE
:10ED900012F80810994208D1228E638E92B29BB26B
:10EDA0009A4202D00020FFF7FEFD08F10108B845A5
:10EDB000ECD1DDE74FF00008F9E70020FFF7F5FDA3
:10EDC000C9E74FF0E023D3F8F03DDB0700D500BEE4
:10EDD0000020BDE8F08100BF606E00246C6E00244E
:10EDE000806E002470470120704770477047000014
:10EDF00038B50C220B4B02FB00335C78FEF7F8FEB3
:10EE00000546FEF7FDFE55B148B92CB12146FFF786
:10EE100053F980F00101CCB204F0010038BD0024A8
:10EE2000FAE700BF60730024F7B50E4615461C468E
:10EE300010B1002003B0F0BD154F7978FFF7EEF860
:10EE40000028F6D0BEB1134880F840604CB90134B8
:10EE5000A4B200202346104A00907978FFF7FAF810
:10EE6000E8E7002DE5D03F2CE3D822462946413083
:10EE700001F0ACFEEBE7002CEBD0002DD9D0402CFC
:10EE8000D7D822462946044801F0A0FEE1E700BF9A
:10EE900060730024A0720024E072002401207047F7
:10EEA000024B0022C3E900229A607047607300247D
:10EEB0000020FFF7F5BF0000F7B50C4607461146E6
:10EEC0006379032B0DD12279C2EBC2061236B6B29A
:10EED0008E420AD94FF0E023D3F8F03DDA0700D58F
:10EEE00000BE0026304603B0F0BD1F4D69780029F2
:10EEF000F0D194F800C004EB0C0191F801E0BEF1F0
:10EF0000210FE7D105F1010EA96014F80CC0CDF86E
:10EF100004E005F1020E6144CDF800E0FFF750F87F
:10EF20000028D7D0A379A978012B04BFE379EB702F
:10EF30000123AB71A3782B70AB68B3F80730AB80BB
:10EF40000029CFD00023094A384600934023FFF719
:10EF500081F80028C6D14FF0E023D3F8F03DDB075D
:10EF6000C0D500BEBEE700BF60730024207300243C
:10EF7000F7B5164612780B46074602F01F01012925
:10EF800059D1B188514CC9B225788D4253D112F074
:10EF900060021ED1012B75D17378062B4BD173887B
:10EFA0001B0A212B09D1A268002A44D013783146CC
:10EFB00003B0BDE8F040FFF759BC222B3BD110460F
:10EFC000F9F770FBA388024631463846FFF74EFC3E
:10EFD00058E0202A2FD17278013A0A2A2BD8DFE88C
:10EFE00002F00662662A2A2A2A2A2F536A00012B77
:10EFF00048D1F5887188402D28464FEA1122344CBB
:10F0000028BF402011F0FF0118D0012D16D901387A
:10F010001D4604F8011B80B2234600900020F9F73A
:10F0200095FB2B189BB283B94FF0E023D3F8F03D4A
:10F03000DB0700D500BE002003B0F0BD0025EBE7E4
:10F04000012B04D1F388402BF5D8214ABCE7032BD0
:10F0500018D1F4887188402C20464FEA11221C4BAD
:10F0600028BF402011F0FF0108D0012C06D91C78E0
:10F070008C4202BF00F1FF30013380B200900020CB
:10F08000F9F766FB0120D7E7012BFBD1718800203F
:10F09000090AE171FFF7A7FE0028CCD031463846B7
:10F0A000FFF7D2FBEEE7012BECD10A4A8CE7012BEC
:10F0B000E8D1094A88E7012BF0D0032BE2D171880F
:10F0C0000020C9B2A171FFF78DFEDBE76073002459
:10F0D000A0720024677300246673002473B51F4D6B
:10F0E00004461046AA786E788A4220D08E4214D008
:10F0F0004FF0E023D3F8F03DDB0700D500BE002041
:10F1000013E0174A01210020FFF770FE0CE0154ABA
:10F1100002210020FFF76AFE14E09BB20028F0D124
:10F120001A460F49FFF761FE012002B070BD9642FA
:10F130009BB2F3D00028EAD100930222094B01468A
:10F14000F9F706FB0023074A204600934023A978DD
:10F15000FEF780FF0028E7D1CAE700BF60730024F4
:10F16000E07200242073002473B51A4CE57F94F8F4
:10F170002E102846FEF7EAFF60B9A368626B94F888
:10F180002E60934209D9217BC90906D03146284611
:10F19000FEF7A0FF012002B070BD9B1A0E4DA362C6
:10F1A000032384F838300D4B0FCB07C52A46314670
:10F1B00002F80C39002300930D23E07FFEF74AFF8D
:10F1C0000028E7D14FF0E023D3F8F03DDB07E2D58C
:10F1D00000BEE0E78075002480730024A075002441
:10F1E000124B024610B49968022483F82C205A6B03
:10F1F00083F838408A1A93F83940D87F9A6224B944
:10F20000052483F8394020245C8759B152B11A7B18
:10F210005DF8044BD20914BF93F82E1093F82F1009
:10F22000FEF758BF5DF8044B704700BF807500249F
:10F23000014610B500291A4C86B0E07F11DD00238D
:10F24000184A00938BB294F82E10FEF703FF30B9E2
:10F250004FF0E023D3F8F03DDA0700D500BE06B04A
:10F2600010BD4B1C11D00029F9D194F82E30072283
:10F270008DF80C0003A88DF80D208DF81030059145
:10F280008DF81110FEF730FDE9E70223012084F824
:10F2900039303A23638706B0BDE81040FFF7A0BFBE
:10F2A000807500248073002437B5174CE28A42B37E
:10F2B00052BAA36892B2B3FBF2F291B209B3606B97
:10F2C00092B20125D4F811101B1A84F83C5009BAE7
:10F2D000B3F5007FB0FBF2F528BF4FF4007302FBDB
:10F2E000150229440093094B607BF4F77BFE831CD5
:10F2F00007D0002384F83C3003B0BDE83040FFF76E
:10F3000097BF03B030BD00BF807500248073002418
:10F3100000207047704770470120704701207047F8
:10F320001220704713B5154C607BF4F752FE50B9AC
:10F330000723012084F839302723638702B0BDE812
:10F340001040FFF74DBF626BA3689B1A0022B3F514
:10F35000007F00920A4A28BF4FF4007394F82F10E0
:10F36000E07F9BB2FEF776FE30B94FF0E023D3F892
:10F37000F03DDB0700D500BE02B010BD8075002453
:10F3800080730024002930B585B00DDA013126D113
:10F390001B4B0222012083F839203A225A8705B0FC
:10F3A000BDE83040FFF71CBF8842154D19D9441AFB
:10F3B00021B114482246014401F0A4FBEA7F002158
:10F3C00095F82F3001A88DF8042007228DF8083019
:10F3D0008DF8052003948DF80910FEF785FC05B023
:10F3E00030BD6B6B18442B6B9842686303D30223C8
:10F3F00085F83830F3E705B0BDE83040FFF792BF3D
:10F400008075002480730024044880F8391080F847
:10F410003A2080F83B300120704700BF80750024FF
:10F42000402200210148F1F731BD00BF8075002462
:10F43000402200210148F1F729BD00BF807500245A
:10F4400037B54C79082C0ED18C79062C0BD1CC79A0
:10F45000502C08D1162A09D84FF0E023D3F8F03DFC
:10F46000DA0700D500BE002003B030BD144C8A7806
:10F4700004F12E03E07784F82D200D78019304F138
:10F480002F032944009302231A46FEF799FD002812
:10F49000E2D000230B4A84F8383000931F2394F8FD
:10F4A0002F10E07FFEF7D6FD28B94FF0E023D3F808
:10F4B000F03DDB0701D41720D6E700BEFBE700BF15
:10F4C00080750024807300240129F0B5054685B0BD
:10F4D000144613D1137803F07F02022A53D16278C5
:10F4E000012A50D16688002E4DD1A3883C4CD9B258
:10F4F00094F83820042A03D1FEF7ECFD012023E024
:10F5000094F82E708F4221D1022AF7D1626BA36842
:10F51000344D9B1AA362032384F8383004F120038E
:10F520000FCB07C52A46394602F80C390D23009641
:10F53000E07FFEF78FFD0028E0D14FF0E023D3F805
:10F54000F03DDB071DD4002005B0F0BD94F82F700E
:10F550008F42D3D1002AD1D13946FEF7ADFD064600
:10F5600039462846FEF7F2FD002EC7D10028C5D146
:10F5700000231C4A84F8383000931F2394F82F107E
:10F58000D6E700BEDFE703F06003202BDBD1637812
:10F59000FE2B10D0FF2BD6D16388002BD3D1E3886C
:10F5A000002BD0D10E4A214628469363C2E90C3382
:10F5B000FFF74AF9A2E76388002BC4D1E688012E41
:10F5C000C1D1FFF7A9FE0028BDD0421E3346214617
:10F5D00028468DF80F200DF10F02FFF747F98DE750
:10F5E00080750024807300242DE9F047AA4C8AB06E
:10F5F00006468C4694F838A01D46BAF1010F00F07B
:10F600008F81BAF1030F00F0EB81BAF1000F46D100
:10F6100094F82F308B4203D001200AB0BDE8F08768
:10F620001F2D07D1DFF87C829C4BD8F80020C14603
:10F630009A420ED0042394F82E10304684F83830C5
:10F64000FEF748FD94F82F103046FEF743FD0020EA
:10F65000E3E7474625460FCF0FC597E80F0007C5DC
:10F6600025F8023B1B0CE27B2B708D4B02F0FD0159
:10F6700084F82CA0236228296368C4E9093A4FF072
:10F68000010384F83830A368C4E90C3A27D1E18A31
:10F6900073B9002900F040810220FFF7A1FD94F822
:10F6A0003830022BB8D1FFF75FFD0028B4D13AE122
:10F6B000207B282A4FEAD0100BD10028ECD0A9B12A
:10F6C00049BA89B28B42E7D3282A05D1FFF7ECFD6E
:10F6D000E5E70028F3D0DFE7FFF724FEDFE793B18B
:10F6E000217BC9090FD1B3F5007F01D90120D4E7EF
:10F6F00000229BB2614600926A4A3046FEF7AAFC9D
:10F700000028CCD10FE1252A677B08D8192A14D804
:10F71000032A00F0CF80122A00F0928062B394F89E
:10F720003930002BE2D1238E5E4A5F49607BF4F7CB
:10F73000FFFC002880F2E980D8E71A3A0B2AEED8BD
:10F7400001A353F822F000BF7DF8000899F70008E4
:10F750001FF700081FF70008ADF700081FF70008A3
:10F760001FF700081FF700081FF70008FBF7000845
:10F770001FF70008B9F700083846F4F715FC002811
:10F7800040F0C68094F83930002BC8D1022384F8A9
:10F7900039303A236387C2E7E17C3846C1F340033E
:10F7A00001F001020909F4F716FCE8E7227D38466A
:10F7B000E17CFFF7B3FDE2E704AA05A93846F4F7B8
:10F7C00001FC059B002BDDD0BDF81020002AD9D00C
:10F7D000013B12BA08201BBAC8E90032A368002B0B
:10F7E00084D083424FF0000228BF034623639BB2BC
:10F7F00000922C4A94F82E107FE7002305AD0DF1FE
:10F800000E0204A905933846C5E90133F4F7DAFB83
:10F81000049A002AB6D0BDF80E30002BB2D012BA2E
:10F8200008215BBA069202228DF817108DF81C2071
:10F83000ADF81E3095E8070089E807000C20CDE7F9
:10F84000242200211748F1F721FB184B4FF40072D6
:10F850001449C8F800301F23384688F80430FFF7F1
:10F8600057FD002840F0DE80114B3846A3F110020E
:10F87000A3F11801F4F748FB2420AFE73846F4F76A
:10F88000A8FB80F001030420DBB2DB0543F0030397
:10F890000593C8F80030A1E7807500245553424312
:10F8A00055534253807300248F7500240080020258
:10F8B000A073002494F839501222002105A805F005
:10F8C0000F05B4F83A80F1F7E1FAF0238DF81650FD
:10F8D00005AD8DF814300A23ADF820808DF81B306B
:10F8E000DFF848C10FCDACE80F002B6861464FF43C
:10F8F0000072384621F81039FFF712FD0023002866
:10F9000084F839306387FFF60AAF00287FF466AFCA
:10F91000A368002B7FF4EAAE022384F83830BEE6F9
:10F92000B3F5007F08D94FF0E023D3F8F03DD907B5
:10F930007FF58DAE00BE8AE6E37B282B06D1636B94
:10F94000226B2B4493426363E6D2BFE62A2B28D175
:10F95000E38A002B3FF4A3AE5BBAA2689BB2B2FB72
:10F96000F3F293B2002B3FF49AAE666B1A46D4F8CA
:10F97000111084F83CA009BA0095B6FBF3F02B4BAC
:10F9800002FB10620144607BF4F79AFB821C014683
:10F990003FF485AE0023284684F83C30FFF7F2FCA4
:10F9A0007DE6636B2B446363237BDB090BD1238EE2
:10F9B00004F10F011D4A607BF4F7BAFB002802DA5C
:10F9C0005046FFF70DFCD4E90C329A42A4D24FF016
:10F9D000E023D3F8F03DDB077FF561AE00BE5EE6C5
:10F9E00094F82E308B427FF45AAE0D2D7FF457AE33
:10F9F000E37B607B282B06D02A2B10D004F10F016B
:10FA0000FFF789FC01E0FFF785FC0023074A84F833
:10FA1000383000931F2394F82F10E07F6EE6F4F740
:10FA200075FBF2E7FFF67BAED8E600BF80730024DB
:10FA30002DE9F047089D0F4604468C46002B48D11F
:10FA40008A42164661D9B2FA82F34BB1C3F1200261
:10FA500001FA03FC20FA02F29E4042EA0C0C9C40A0
:10FA60004FEA164EB7B2BCFBFEF1220C0EFB11CCD6
:10FA700042EA0C4201FB07F0904209D9B21801F1A9
:10FA8000FF3C80F0EE80904240F2EB80023932443D
:10FA9000121AA4B2B2FBFEF00EFB102244EA02449A
:10FAA00000FB07F7A74209D9341900F1FF3280F0B3
:10FAB000DA80A74240F2D7803444023840EA01405D
:10FAC000E41B00211DB1DC400023C5E90043BDE873
:10FAD000F0878B4206D90DB1C5E900010021084627
:10FAE000BDE8F087B3FA83F1002948D1BB4202D3C5
:10FAF000824200F20781841A67EB030201209446D8
:10FB0000002DE4D0C5E9004CE1E7002A00F0928026
:10FB1000B2FA82F3002B40F0A8808A1A4FEA164E00
:10FB20001FFA86FC0121200CB2FBFEF70EFB172208
:10FB300040EA02420CFB07F0904207D9B21807F1E5
:10FB4000FF3802D2904200F2E2804746121AA4B275
:10FB5000B2FBFEF00EFB102244EA02440CFB00FC58
:10FB6000A44507D9341900F1FF3202D2A44500F2AE
:10FB7000CB801046A4EB0C0440EA0740A2E7C1F199
:10FB800020068B4022FA06FC4CEA030C07FA01F42B
:10FB900020FA06F3F7404FEA1C49234300FA01F824
:10FBA0001FFA8CFEB7FBF9F01C0C09FB107744EA36
:10FBB000074400FB0EF7A74202FA01F20AD91CEB38
:10FBC000040400F1FF3A80F09B80A74240F2988045
:10FBD00002386444E41B9FB2B4FBF9F309FB1344FD
:10FBE00047EA044403FB0EFEA64509D91CEB0404B6
:10FBF00003F1FF3780F08280A6457FD9023B644441
:10FC000043EA0040A4EB0E04A0FB02E7BC427346AB
:10FC1000B94663D360D05DB1B8EB030264EB09046D
:10FC200004FA06F622FA01F31E43CC40C5E900644B
:10FC300000214CE76208480842EAC1710B0C43EA14
:10FC400000438AB242EA0342B3FBF6F1E407B4464A
:10FC50003746B6461F23B0FBF6F0D21B41EA0041FF
:10FC600061E7614614E7104628E7C3F1200120FA56
:10FC700001F29E4027FA01F19F403A434FEA164EA7
:10FC80001FFA86FCB1FBFEF70EFB1710110C41EAC0
:10FC9000004107FB0CF8884504FA03F43AD97118BF
:10FCA00007F1FF3001D288451FD8A1EB0801B1FB55
:10FCB000FEF808FB0CF70EFB181192B242EA014263
:10FCC000BA422FD2B21808F1FF31C6D2BA42C4D21A
:10FCD000A8F102013244C0E7F0459CD2BEEB02031A
:10FCE00067EB0C070138B94695E7A6EB08084144D5
:10FCF000B81EB1FBFEF808FB0CF7DCE73B467FE7DC
:10FD0000504667E70846FBE63444023832E7023FD4
:10FD100032441BE7A1EB08013846B1FBFEF808FBB3
:10FD20000CF7C8E7414698E70CB430B5184B0C1EE9
:10FD30001D689DB008DA8B232B604FF0FF301DB09B
:10FD4000BDE8304002B070474FF40273ADF8143094
:10FD50004FF000031B9314BF04F1FF3323460493B9
:10FD600007934FF6FF7302900690ADF81630209A75
:10FD700021AB02A92846019301F0E0FA431CBCBF65
:10FD80008B232B60002CDAD0029B00221A70D6E75E
:10FD90000C00002430B51446002C9BB005461A46D2
:10FDA00005DA8B2303604FF0FF301BB030BD4FF4FA
:10FDB0000273ADF80C304FF00003199314BF04F137
:10FDC000FF332346029305934FF6FF73009104918E
:10FDD000ADF80E3069461E9B01F0B0FA431CBCBF63
:10FDE0008B232B60002CE0D0009B00221A70DCE7F4
:10FDF00007B5009313460A46014603480068FFF71B
:10FE0000C9FF03B05DF804FB0C00002470B5044684
:10FE10000D46164645EC104B02F0AEF87EB1C5F328
:10FE20000A53C3F16B03002B09DD1B0503F17F515E
:10FE3000002001F5401141EC170B20EE070B70BDBF
:10FE40002DE9F04F2DED0A8B97B088460E920022D7
:10FE5000059012924FF0000A4FF0000B11910A78B2
:10FE60002B2A0C4601F101011DD00AD80D2A05D814
:10FE7000082AF3D872B10023089384E0202AEDD039
:10FE8000F9E72D2A11D10122611C119108926278A3
:10FE9000002A39D10E9BCDF84480002B40F04185DB
:10FEA0004BEC10AB2BE00022EEE700210891302A4A
:10FEB00040F0A080627802F0DF02582A5BD1029302
:10FEC000089B019312AB0093804A059813AB11A9CC
:10FED00000F000FF10F00F05064605D0062D15D1E5
:10FEE00001340023119408930E9B002B40F01B85D6
:10FEF000089B002BD4D04BEC17ABB1EE470B17B0DF
:10FF0000BDEC0A8BBDE8F08F0C46D0E7129A3AB1EF
:10FF1000352114A802F027F91299059801F0F0FC98
:10FF2000013D042D06D8DFE805F014031E2114005E
:10FF3000DDE914ABF30548BF4BF0004B2BF0004359
:10FF40001B0D1B05002BCFD100F032FE22230360D6
:10FF5000CAE7DDE914A3139A23F4801302F23342B3
:10FF600043EA025BE6E7DFF86CB1E3E76FF0004BD2
:10FF70004FF0FF3ADEE7013411942378302BFAD0AA
:10FF8000002BB1D0012300270693099723463E4654
:10FF90000A21184613F8015BA5F13002092A2BD972
:10FFA0004B49012200F0C7FD002835D000202A4629
:10FFB000334681468446652A01D0452A18D123B9A3
:10FFC000069B03433FF466AF0023DDF8448008F14D
:10FFD0000102119298F801202B2A6DD02D2A73D09E
:10FFE00000210791A2F13001092979D9CDF8448087
:10FFF000002593E00023C6E7082ED8BF099A119385
:020000040801F1
:10000000DBBF01FB0252303A01FB07520992C8BF25
:10001000A2F130070136BCE7119B5A1C11925A78A5
:1000200096B381463346A2F13001092912D94FF027
:10003000010CC0E7119B5A1C11925A780130302AEA
:10004000F8D0A2F13103082B00F272848146119C92
:1000500000200346303A00F101010FD089441844D2
:1000600019460A25814201F101030FD1082918DC44
:1000700009980A2101FB002209920021119A501CC3
:10008000119052780846CEE73046D8E7082904DCBC
:10009000099B6B4309930131E4E7102BD8BF6F43F1
:1000A000F9E70F29DCBF0A2101FB0727E5E74FF03D
:1000B00000094FF0010C83E70022079208F10202C9
:1000C000119298F802208DE70122F6E7C870010826
:1000D0006C3101080000F07F119A511C1191527887
:1000E000302AF9D0A2F13101082981D8A2F1300ECD
:1000F000119A0A921146013111910A78A2F1300544
:10010000092D37D90A9D491B082944F61F6502DCD1
:100110007545A8BF7546079901B16D42002B4ED1B8
:10012000069B03437FF4E0AEBCF1000F7FF4B2AE58
:10013000692A27D024DC492A24D04E2A7FF4AAAE8B
:10014000984911A800F0E8FF00283FF4A3AE119BE6
:100150001B78282B2DD1944914AA11A800F0F0FF88
:10016000052826D1159BDDF850A043F0FF4B4BF43A
:10017000E00BB9E60A2505FB0E2EAEF1300EBAE70C
:100180006E2ADBE7894911A800F0C6FF00283FF47A
:1001900081AE119B8649013B11A8119300F0BCFF71
:1001A00010B9119B01331193DFF818B24FF0000A18
:1001B0009AE6804800F018FD5BEC10AB94E6DDEDAC
:1001C000097AA5EB0902B8EE677B002E08BF1E4630
:1001D000102B07921A46A8BF1022092B5BEC17AB15
:1001E00013DC079900293FF47FAE07996ADD1629D1
:1001F00052DC714B03EBC10393ED007B4BEC16AB70
:1002000027EE067B5BEC17AB6EE66B4901EBC20198
:1002100011ED125B06EE907A0F2BB8EE666BA7EE2F
:10022000056B5BEC16ABDCDD07999A1A0A44002AD1
:1002300040F3968022F00F0112F00F0250D1B1F579
:100240009A7F5DDC00204BEC17AB5C4F0A11014636
:10025000012A79D108B15BEC17AB584A584802EB38
:10026000C10292ED007BABF1547B4BEC16AB554ACF
:1002700027EE067B17EE901A0A4082425BEC17AB22
:100280003ED8A0F58010824286BFDFF83CB14FF027
:10029000FF3A01F1547B30E00798C3F12501814218
:1002A000C2DB454AC3F10F0302EBC30191ED007BB2
:1002B0004BEC16ABC31A02EBC30227EE067B92EDA2
:1002C000006B9DE71631AFDB3B4BA9EB050503EB5C
:1002D000C50595ED007B4BEC16AB86EE077B91E7F1
:1002E000354800EBC20292ED007B4BEC16AB27EEDB
:1002F000067B5BEC17AB0029A1D1002206929CE0A3
:100300000024254609942646059ADFF8B8B0222332
:1003100013604FF0000A099B002B3FF4E5AD1299E2
:10032000059801F0EDFA0598314601F0E9FA0598D3
:10033000294601F0E5FA0999059801F0E1FA0598D6
:10034000214601F0DDFACFE512F0010F04D097ED60
:10035000006B012027EE067B01315210083777E74A
:10036000CBD05242111112F00F020DD11F292DDDF9
:100370000024254609942646059A22234FF0000AB8
:100380004FF0000B1360C6E70B4800EBC20292ED82
:10039000007B4BEC16AB86EE077B5BEC17AB0029C2
:1003A000ABD0E3E7C63C0108B4700108BD3C0108CE
:1003B000C03C01081A2F0108407201081872010898
:1003C0000000A07C0000F07FFFFFEF7F11F0100223
:1003D00018BF6A2206924BEC17ABAF4A0020CF073A
:1003E00004D592ED006B012027EE067B491002F147
:1003F0000802F4D108B15BEC17AB069AB2B1CBF3AB
:100400000A51C1F16B02002A58460FDD1F2A54DD44
:10041000342ADEBF4FF0FF32C1F14B018A404FF06A
:10042000000ACCBF4FF05C7B02EA000B4BEC17AB31
:10043000B5EE407BF1EE10FA9AD0099A0092059839
:100440003246214601F0C4FA099000283FF458AF23
:10045000079A002AA9EB05039FED8BBBA8BF0023D9
:100460000A93002422EAE2730D932546099B05981E
:10047000596801F007FA064600283FF445AF099B8A
:100480001A694BEC19AB023203F10C0192000C30EB
:1004900000F09CFBB0EE490B059814AA13A901F0DB
:1004A000DBFD129000283FF42FAF0598012101F0E9
:1004B00025FB054640B9002526E74FF0FF3101FA3C
:1004C00002F202EA0A0AB1E7139F149A002FABBFA7
:1004D0000A9B0D9BDDF83480DDF82890ACBF07EB5C
:1004E0000309A3EB0708069BFF1A1744C2F1360362
:1004F0006A4A013F974251DAD11B1F29A3EB01033E
:100500004FF001023EDC8A400C9200220B9209EB74
:1005100003079844069BB94598444B46A8BF3B4601
:100520004345A8BF4346002BC2BFFF1AA8EB0308F0
:10053000A9EB03090A9B002B16DD294605981A46EC
:1005400001F09CFB05460028B5D00146129A05989B
:1005500001F0EAFA0F9000283FF4D6AE1299059800
:1005600001F0CEF90F9B1293002F1BDC079B002B91
:1005700021DD31460D9A059801F080FB0646D0B981
:100580000026C1E6C7F17F4707F57F0707F57B47E0
:10059000E23702FA07F10B910C92B8E700220B92B6
:1005A0000122F9E7129905983A4601F0C3FB12902F
:1005B0000028DBD1A8E6B8F1000F07DD3146059829
:1005C000424601F0B7FB06460028D9D0B9F1000F2A
:1005D00008DD294605984A4601F0ACFB054600288F
:1005E0003FF492AE12990598324601F02DFC044674
:1005F00000283FF489AE0023D0F80C80C360294660
:1006000001F006FC00284DDA58EA0A0873D1CBF352
:100610001303D946002B6ED12BF000431B0D1B0595
:10062000B3F1D66F67D9636913B92369012B62DD12
:1006300021460122059801F07DFB2946044601F080
:10064000E7FB002857DD164B069A09EA0303002A48
:100650006FD0B3F1D66F6CD8B3F15C7F7FF68CAE00
:100660009FED0B7B4BEC16AB0D4B26EE077B17EE8D
:10067000902A13405BEC17AB002B7FF450AE059A29
:10068000222313604BE600BF0000C0FFFFFFDF41E5
:100690000000000000005039E070010802FCFFFF7C
:1006A0000000F07FD9465DD1CBF31303B8F1000F02
:1006B0002AD0AB4A93422AD1069B5246FBB1A94BA2
:1006C0000BEA0303B3F1D46F4FF0FF311AD81B0DBF
:1006D000C3F16B0301FA03F39A4218D1A24B994577
:1006E00002D101323FF410AE9E4B09EA030303F539
:1006F000801B4FF0000A069B002BB1D10FE64FF094
:10070000FF33E9E70B46E7E753EA0A039BD00B9B6D
:10071000C3B113EA090FEED0069A50465946B8F114
:10072000000F13D0FFF772FB39EE007B5BEC17ABC9
:10073000E1E7A3F580136FEA135B6FEA0B5B4FF001
:10074000FF3AD8E70C9B13EA0A0FE4E7FFF75EFBDA
:1007500039EE400BB5EE400BF1EE10FA5BEC10AB4E
:10076000C9D109E62946204601F0CEFCB0EE007B57
:10077000B4EEC70BF1EE10FA5DD8B8F1000F64D1FA
:10078000BAF1000F4BD1CBF31303B7EE008B002B64
:1007900060D1B4EEC80BB6EE008BF1EE10FA01D4C6
:1007A00020EE088BB1EE48AB6E4F704909EA0700A6
:1007B000884253EC1A2B7CD1A9F1547B4BEC1CAB37
:1007C000B0EE4C0B0B9001F0D7FBA0EE0ACB1CEE69
:1007D000903A674A0B981F4097425BEC1CAB3CD9A0
:1007E00019EE902A604B9A4204D119EE103A013367
:1007F0003FF48AADDFF870B14FF0FF3A12990598D7
:1008000001F07EF80598314601F07AF805982946FE
:1008100001F076F80598214601F072F826E6BAF163
:10082000010F03D1BBF1000F3FF4A6ADBFEE00AB4B
:10083000B7EE008BB8E7B6EE008B20EE088BB8F170
:10084000000FAFD0B0EE48ABAEE7B7EE00ABB0EE06
:100850004A8BA9E7BFEE00ABA6E703F1547B069BEA
:10086000002BCBD12BF000431B0D1B059842C5D1AB
:1008700051EC180B01F0E0FFF0F7D0F9CBF31303C4
:1008800041EC170B43EA0A0353EA080338EE478B9F
:100890003ED09FED2D7BB4EEC78BF1EE10FA3FF505
:1008A0003EAD9FED2B7BB4EEC78BF1EE10FAA5DDCC
:1008B00035E50699E1B1B0F1D46F19D8B4EECB8B20
:1008C000F1EE10FA11D8BCEEC88B18EE103A012BDD
:1008D00038BF012308EE103AB8EE488BB8F1000F8C
:1008E00013D1B1EE487B53EC172B03F1D6610B1AF1
:1008F000B0EE490B43EC1A2B0B9001F03DFB0B982B
:10090000AAEE009B5BEC19ABA9E7B0EE487BEAE7E7
:100910009FED117BB4EEC78BF1EE10FA7FF56EAF51
:10092000FDE4002308930E9A119B1360FFF7E0BAD1
:10093000652A3FF4BCAB452A3FF4B9AB4FF0010C3C
:10094000FFF7EEBBAFF300809535A094FFFFDF3FCC
:1009500035E5AF350000E03F9535A094FFFFCF3F70
:10096000FFFF0F000000F07FFFFFEF7F0000E07F40
:10097000FFFF9F7C0000000010B5214C214B0A4670
:1009800001462068FFF75CFAB4EE400BF1EE10FA76
:10099000B0EE407B0DD717EE903A002B1A4804DAE0
:1009A00000F02AF9B1EE400A10BDBDE8104000F099
:1009B00023B9B7EEC00BDFED156AB0EEC06AB4EE36
:1009C000666AF1EE10FA08DDB0EEC76B9FED0A5BC8
:1009D000B4EE456BF1EE10FA0ADD10EE103A13F0AA
:1009E000FF4FE1D117EE902A094B1340002BDBD0CB
:1009F000236822221A60D7E7FFFFFFFFFFFFEF7F88
:100A00000C000024981000241A2F0108FFFF7F7F9C
:100A10000000F07F2DE9F043344E86460D4628460F
:100A200015F8014B375D17F00807F8D12D2C10D1C0
:100A30002C780127851C33F0100015D1302C0DD1F6
:100A4000287800F0DF00582808D16C780235102390
:100A50000AE02B2C04BF2C78851CECE7002BF6D188
:100A6000302C14BF0A2308234FF0FF380026B8FBB0
:100A7000F3F803FB08F96FEA09093046A4F1300CDA
:100A8000BCF1090F10D86446A3421EDDB6F1FF3F4A
:100A900007D0804516D301D1A14513DB00FB0340ED
:100AA000012615F8014BE9E7A4F1410CBCF1190F3F
:100AB00001D8373CE8E7A4F1610CBCF1190F04D868
:100AC000573CE1E74FF0FF36EBE7731C06D12223DA
:100AD000CEF80030304632B9BDE8F08307B140426D
:100AE000002AF9D006B1691E1160F5E70971010805
:100AF00013460A46014602480068FFF78BBF00BF55
:100B00000C000024884210B501EB020402D9844293
:100B1000234607D8431EA14207D011F8012B03F842
:100B2000012FF8E70244824200D110BD13F8011DE5
:100B300002F8011DF7E710B56AB10139841810F801
:100B4000012B11F8013F9A4203D1A04201D0002AA3
:100B5000F5D1D01A10BD1046FCE7F0B5044608B92F
:100B6000146844B1204614F8015B0F4617F8016B76
:100B70001EB965B91560002005E0B542F6D1002B1D
:100B8000F0D114600370F0BD1C460CE01DB927467F
:100B900014F8013B0E4616F8015BAB42F6D1002B70
:100BA000F2D000233B701460EDE70123FFF7D5BFBF
:100BB000014B1868704700BF0C000024034611F871
:100BC000012B03F8012B002AF9D170470A44914206
:100BD00000F1FF3300D1704710B511F8014B03F855
:100BE000014F9142F9D110BD9FED010B704700BF3D
:100BF000000000000000F87F9FED010A704700BF71
:100C00000000C07F0369B3EB611F2DE9F0434FEA99
:100C1000611200F1140445DD11F01F0104EB83069D
:100C200004EB82050CD100F110072946B14234D300
:100C30009B1A9B00EA1E964238BF0023234415E00E
:100C400054F82270C1F12008CF4005F1040EA146EE
:100C50007645F44615D89A1A9200043A0135AE4208
:100C600038BF0022A318A75007B104331A1BA342B0
:100C70004FEAA20208BF0023026108BF4361BDE83A
:100C8000F083DCF800C00CFA08FC4CEA070749F8CE
:100C9000047B5EF8047BCF40DAE751F804CB47F8D9
:100CA00004CFC3E72346E1E7A0F13003092B02D8C4
:100CB0002038C0B27047A0F16103052B01D8473836
:100CC000F7E7A0F14103052B01D82738F1E7002011
:100CD000704700002DE9F04F85B08A4602930B68FB
:100CE000019090469C1CA14614F8010B3028FAD0C4
:100CF000A9EB0303A3F1020BFFF7D6FF054600287B
:100D000068D1A04901224846FFF715FF0746002891
:100D100067D199F801002646FFF7C6FF002862D088
:100D2000234618783028994603F10103F9D0FFF7DC
:100D3000BBFFB0FA80F56D094FF0010B4A4616462D
:100D400001323078FFF7B0FF0028F8D18D49012239
:100D50003046FFF7F0FE00283FD144B9741C22460C
:100D6000164601323078FFF79FFF0028F8D1A41B08
:100D7000A700337803F0DF03502B3ED173782B2B81
:100D800033D02D2B34D0711C00240878FFF78CFF52
:100D9000431EDBB2182B30D8A0F1100211F8010F5E
:100DA000FFF782FF00F1FF3C5FFA8CFCBCF1180FEB
:100DB0004FF00A031ED904B152421744CAF800107A
:100DC000EDB1BBF1000F0CBF06250025284605B08C
:100DD000BDE8F08F00252C46B0E7002CC7D1274690
:100DE000C7E74E462F460125C3E70024B11CCCE7D8
:100DF0000124FBE703FB0200CEE73146DEE7A6EB6A
:100E00000903013B2946072B0ADC019800F03AFD53
:100E1000044640B95C4B0246E4215C4801F022FAEA
:100E200001315B10EFE700F1140A002355469B46A1
:100E3000B14537D345F804BBA5EB0A05AD102561D4
:100E4000584600F00FFE6D01D8F800602D1AB5422B
:100E500054DDAD1B2946204601F0A8F9814678B142
:100E60006B1E591103F01F025AF821104FF00109AF
:100E700009FA02F20A4203D04B4536DC4FF0020970
:100E800029462046FFF7BEFE2F44D8F80830BB4263
:100E900042DA0198214600F033FD0E9A00231360D8
:100EA000A32593E716F8012D2E2A12D0202B04D16A
:100EB00045F804BB4FF0000B5B4630780393FFF717
:100EC000F3FE039B00F00F0098404BEA000B043345
:100ED000AEE7B145EAD82B49039301223046FFF72C
:100EE0002AFE039B0028E1D1A2E7A91E204601F0BB
:100EF0005DF90028C2D04FF00309C1E709DA751B7C
:100F0000214601982A4600F015FF7F1B044600F198
:100F1000140A4FF00009B8E7D8F80450BD426FDD5D
:100F2000ED1BAE4234DCD8F80C30022B22D0032B60
:100F300024D0012B15D1AE4213D1012E0BD1029A30
:100F4000D8F80430136001232361CAF800300E9BE7
:100F500062251C603AE7711E204601F027F900283F
:100F6000EDD10198214600F0CBFC0E9A00231360CE
:100F700050252BE70F9B002BF3D1E0E70F9B002BB5
:100F8000DDD1EEE76C310108CF3C0108E03C0108FF
:100F90006F1EB9F1000F30D127B13946204601F05C
:100FA00005F981467A1101235AF8222007F01F071C
:100FB000BB4013422946204618BF49F00209FFF7FB
:100FC00021FED8F80470761B0225B9F1000F47D036
:100FD000D8F80C30022B15D0032B17D0012B09D1D8
:100FE00019F0020F06D0DAF8003049EA030919F0C7
:100FF000010F0ED145F0100532E04FF00109D1E7A5
:101000000125E2E70F9BC3F101030F930F9B002B18
:10101000F0D0D4F810B004F114034FEA8B0A03EBBC
:101020008B014FF0000C184653F8042BB2F1FF3F30
:101030001BD001320260022D04F114033CD1D8F818
:101040000020013AB24209D17111012253F8213036
:1010500006F01F0602FA06F61E423AD145F02005B8
:101060000E9B1C60029B1F60B0E6994243F804CCC3
:10107000D9D8A3689B4517DB61680198013100F05E
:1010800001FC814618B91A4B02468421C5E6226943
:10109000023204F10C0192000C30FFF797FD21465B
:1010A000019800F02DFC4C4623695A1C04EB830385
:1010B000226101225A61BEE722695A450BDD0121F6
:1010C0002046FFF79FFDD8F808300137BB42FFF6F6
:1010D000E0AE0125C2E716F01F06FAD05344C6F170
:1010E000200653F8040C00F0BDFCB042E7DBF0E74B
:1010F000CF3C0108C2F10802920070B5C2F120068F
:101100004368046803FA06F52C43D340046040F8B2
:10111000043F8842F4D370BD30B50368013311F841
:10112000014B14B90360012030BD13F8012BA2F16B
:101130004105192D98BF2032A242F0D00020F3E7DC
:101140002DE9F04F0B6801685E1102EB860613F083
:101150001F0387B018BF04360025371F824690460C
:10116000019346F8045CB9463C460295AB464A7882
:101170004B1C039342B3104605910492FFF794FD74
:10118000002853D1049A0599202A18D8029B9B4520
:1011900013DD4C4506D2072D04DC2A46494620467D
:1011A000FFF7A8FF444554D90023A4F1040944F8EB
:1011B000043CCDF808B04C461D460399D7E7292AD0
:1011C00059D10231CAF80010BBF1000F53D04C4581
:1011D00006D2072D04DC2A4649462046FFF78AFF3F
:1011E000444538D9A8F10402234653F8041B42F8B9
:1011F000041F9F42F9D23B1B23F003030134033E3B
:10120000B44288BF002308F10402134400211A46A7
:1012100004339F421160FAD23B681BB9474528D17D
:1012200001233B60052007B0BDE8F08F0135082D94
:101230000BF1010B06DD4445BFD9002344F8043C03
:101240000125043C226800F00F0040EA02102060F3
:10125000B3E70825B1E7019B002BDDD0C3F12003E4
:101260004FF0FF32DA4056F8043C134046F8043C95
:10127000D2E7043FD0E70420D5E72DE9F0478E6898
:101280001F46BE4282460C469046334653D8B1F9BB
:101290000C0010F4906F2BD065692368096905EB89
:1012A0004505A3EB010905EBD5757B1C6D104B447F
:1012B000AB422A4684BF1D462A46430527D5114620
:1012C0005046EFF735FE064658B321694A46FFF708
:1012D0007DFCA38923F4906343F08003A3812661FE
:1012E00065614E44A5EB09052660A5603E463B4678
:1012F0001F4620683A464146FFF704FCA3689B1B43
:10130000A36023683B4423600020BDE8F08750467B
:1013100000F06DFF06460028E1D121695046EFF745
:10132000D7FF0C23CAF80030A38943F04003A38100
:101330004FF0FF30E9E73E46DBE700002DE9F04FD4
:1013400098468B891B069DB007460D46144610D55E
:101350000B6973B94021EFF7EBFD2860286130B9C4
:101360000C233B604FF0FF301DB0BDE8F08F4023F1
:101370006B610023099320238DF82930CDF80C8070
:101380003023DFF89C818DF82A304FF00109234685
:101390009A4613F8012B0AB1252AF9D1BAEB040BAE
:1013A0000BD05B46224629463846FFF766FF0130E0
:1013B00000F0A780099A5A4409929AF80030002B4D
:1013C00000F09F8000234FF0FF32CDE905230AF1A2
:1013D000010A049307938DF853301A93544605225B
:1013E00014F8011B4E48EFF73BFA049AD8B9D0061F
:1013F00044BF20238DF85330110744BF2B238DF8B1
:1014000053309AF800302A2B15D0079A5446002002
:101410004FF00A0C214611F8013B303B092B4BD908
:10142000B0B1079214E0A0EB080309FA03F31343E9
:101430000493A246D2E7039B191D1B680391002B5E
:10144000BBBF5B4242F0020207930793B8BF04920E
:1014500023782E2B0AD163782A2B32D1039B1A1DB5
:101460001B68039243EAE37302340593DFF8C0A0DC
:10147000217803225046EFF7F3F938B1049BA0EB33
:101480000A004022824013430134049314F8011BE4
:1014900024488DF828100622EFF7E2F9002836D00C
:1014A000214B1BBB039B073323F007030833039334
:1014B000099B334409936AE70CFB02320C46012076
:1014C000A8E700230134059319464FF00A0C204683
:1014D00010F8012B303A092A03D9002BC6D0059108
:1014E000C4E70CFB012104460123F0E703AB0093A2
:1014F0002A460E4B04A93846AFF30080421C06462C
:10150000D6D1AB895B063FF52DAF09982CE703AB2D
:1015100000932A46054B04A9384600F093F8EDE7FE
:10152000493D0108533D0108000000007B120108FD
:101530004F3D0108024B01461868EFF7F9BC00BFA8
:101540000C00002482B001B901A942B14BB113785B
:101550000B601278101E18BF012002B070471046B1
:10156000FBE76FF00100F8E72DE9F04716469846D3
:101570008A680B69DDF820909342B8BF1346336048
:1015800091F8432007460C460AB1013333602368C3
:10159000990642BF336802333360256815F00605AB
:1015A00006D104F1190AE36832689B1AAB4226DCC3
:1015B00094F843302268003B18BF012392062BD4D5
:1015C00004F1430241463846C84701301ED0236823
:1015D000226903F00603042B02BFE5683368ED1AA5
:1015E000A3680CBF25EAE57500259342C4BF9B1A8A
:1015F000ED1800261A34B5421AD1002008E0012364
:10160000524641463846C847013003D14FF0FF30BB
:10161000BDE8F0870135C6E7E1185A1C302081F893
:101620004300224494F8451082F843100233C7E780
:101630000123224641463846C8470130E6D00136EC
:10164000D9E700002DE9FF470F7E0C9E782F9146C9
:1016500080460C469A4601F1430207D8622F0AD809
:10166000002F00F0D280582F00F0B78004F142061E
:1016700084F842703AE0A7F16303152BF6D801A174
:1016800051F823F0DD160108F11601086D16010866
:101690006D1601086D1601086D160108F116010896
:1016A0006D1601086D1601086D1601086D1601080A
:1016B000F11701081B170108A71701086D1601088B
:1016C0006D160108131801086D1601081B17010893
:1016D0006D1601086D160108AF17010833681A1D51
:1016E0001B68326004F1420684F8423001239DE019
:1016F00033682068191D3160060601D51D6803E0B6
:101700004506FBD5B3F90050002D03DA2D236D42B9
:1017100084F8433059480A2310E0216833680806EA
:1017200053F8045B02D4490648BFADB26F2F53484B
:10173000336059D10823002184F843106668A660FD
:10174000002E05DB21682E4321F0040121604DD0DD
:101750001646B5FBF3F103FB1157C75D06F8017D93
:101760002F46BB420D46F4D9082B0BD12368DF0767
:1017700008D5236961689942DEBF302306F8013C31
:1017800006F1FF36921B2261CDF800A04B4603AA5A
:1017900021464046FFF7E8FE01304CD14FF0FF30C4
:1017A00004B0BDE8F087236843F020032360344889
:1017B000782784F84570236831681F0651F8045B68
:1017C00002D45F0648BFADB23160D90744BF43F0D1
:1017D000200323601DB11023ADE72848E9E7236803
:1017E00023F020032360F6E70A23A4E71646BBE7AD
:1017F000336825686169181D30602E061B6801D5A5
:10180000196002E06806FBD51980002323611646A3
:10181000BAE733681A1D32601E68626800213046DC
:10182000EFF71EF808B1801B606063682361002336
:1018300084F84330A8E72369324649464046D047FA
:101840000130ABD023689B0713D4E068039B984218
:10185000B8BF1846A4E70123324649464046D04760
:1018600001309BD00135E36803995B1AAB42F2DC8F
:10187000EBE7002504F11906F5E700BFB03B0108CE
:101880005A3D010870B5C46905460E4684B910205A
:10189000FFF750FE0446E86128B90246164B174888
:1018A0006B2100F0DFFC0023C0E901330360C3605B
:1018B000E36853B921220421284600F0F1FCEB69CA
:1018C000E060DB680BB9002070BD53F8260030B132
:1018D000026843F826200023C0E90333F4E701211E
:1018E00001FA06F4621D9200284600F0D9FC002897
:1018F000E9D0C0E90164EEE76B3D0108823D0108D3
:1019000070B5C66905460C4676B91020FFF712FE81
:101910000246E86120B9094B09488F2100F0A2FC7A
:10192000C0E901660660C6603CB1EB696268DB68CD
:1019300053F82210216043F8224070BD6B3D01082E
:10194000823D01082DE9F0410D6907460C461E460F
:1019500001F1140C0020DCF8003099B202FB0161A7
:101960001E0C0B0C02FB063389B2013001EB034164
:1019700085424CF8041B4FEA1346ECDC0EB3A36817
:10198000AB4219DC616838460131FFF77BFF8046C6
:1019900028B902460C4B0D48BA2100F063FC2269BD
:1019A000023204F10C0192000C30FFF70FF92146CE
:1019B0003846FFF7A5FF444604EB850301355E6119
:1019C00025612046BDE8F081CF3C0108823D010839
:1019D0002DE9F8430C4615461F46092208330646F2
:1019E00093FBF2F3002101229A4209DB3046FFF714
:1019F00049FF40B90246194B1948D32100F032FC87
:101A000052000131F0E7089B4361092D4FF00103BB
:101A1000036116DD04F10908C1462C4419F8013BA5
:101A20000146303B0A223046FFF78CFFA145F5D135
:101A3000A844A8F108042D1B63199F4204DCBDE8EB
:101A4000F8830A340925F6E714F8013B0146303BD8
:101A50000A223046FFF776FFEEE700BFCF3C0108D1
:101A6000823D0108B0F5803F034636BF03040020E5
:101A70001020B3F1807F3CBF1B020830B3F1805FC0
:101A80003CBF1B010430B3F1804F3CBF9B000230D0
:101A9000002B05DB13F0804F00F1010008BF202070
:101AA00070470368024613F007000BD0D90721D412
:101AB000980749BF5B089B08012013605CBF136057
:101AC0000220704799B209B91B0C1020D9B209B98C
:101AD00008301B0A190704BF1B090430990704BF0B
:101AE0009B080230D90703D45B0800F1010003D042
:101AF00013607047002070472020704710B50C46D7
:101B00000121FFF7BFFE024628B9054B054840F208
:101B1000451100F0A7FB01234461036110BD00BF24
:101B2000CF3C0108823D01082DE9F04FD1F810901B
:101B3000D2F810A0D14585B08846144604DB534640
:101B40000C46CA4690469946A36861680AEB0906A6
:101B5000B342B8BF0131FFF795FE30B90246454B9D
:101B600045484FF4B17100F07DFB00F1140505EB21
:101B700086072B460022BB421FD304F1140C08F148
:101B800014010CEB8A0301EB890202921A1B153A2D
:101B900022F0030215349C4288BF00220192029A6F
:101BA00003918A420CD8002E03DD57F8043D002B28
:101BB0005DD0066105B0BDE8F08F43F8042BDAE78D
:101BC000B1F800A0BAF1000F24D0E046A9464FF0CA
:101BD000000E58F8042BD9F800401FFA82FBA4B27B
:101BE0000AFB0B444FEA124BD9F8002074444FEA29
:101BF000124E0AFB0BE202EB1442A4B244EA024486
:101C0000434549F8044B4FEA124EE2D8019AAA180C
:101C1000C2F804E0039AB2F802800431B8F1000F70
:101C200023D02A68E6469146AA464FF0000BBEF83C
:101C3000004008FB04B404EB194492B242EA0442A7
:101C40004AF8042B5EF8042BDAF800904FEA124BA6
:101C50001FFA89F208FB0B2202EB144273454FEA8C
:101C6000124BE4D8019C2C196260043597E7013EC1
:101C700099E700BFCF3C0108823D01082DE9F843F8
:101C8000174612F0030280460D4607D0264C013A53
:101C9000002354F82220FFF755FE0546BF103FD021
:101CA000D8F81C4094B91020FFF744FC0446C8F84B
:101CB0001C0030B902461D4B1D4840F2B31100F024
:101CC000D1FA0023C0E901330360C360A66846B9B6
:101CD00040F271214046FFF711FF0023A060064645
:101CE00003602C464FF0000907F001037F1053B149
:101CF000294632464046FFF717FF21460546404633
:101D0000FFF7FEFD67B1306838B9324631464046CC
:101D1000FFF70AFF3060C0F8009006462C46E3E764
:101D20002846BDE8F88300BF0C7201086B3D01082E
:101D3000823D01082DE9F84F0C464968236903EB01
:101D40006218A368074615464FEA621A08F10109AE
:101D50004B450BDB3846FFF795FD064648B9024672
:101D6000294B2A484FF4EF7100F07CFA01315B00F7
:101D7000EEE7002300F1140C00F110021946534560
:101D800035DB22692AEAEA7A0CEB8A0C04F11403A7
:101D900015F01F0E614603EB82022CD0CEF1200A13
:101DA000002518688B4600FA0EF02843CBF8000097
:101DB00053F8045B9A4201F1040125FA0AF5F0D8C0
:101DC000131B153B23F0030304F115018A4238BFAE
:101DD00000239C44CCF8045005B9C1463846C6F8E7
:101DE00010902146FFF78CFD3046BDE8F88F42F891
:101DF000041F0133C3E753F8045B0D609A4201F1FD
:101E00000401F8D8E9E700BFCF3C0108823D010892
:101E10000A6903460069801A30B50ED114331431B3
:101E200003EB820401EB820154F8045D51F8042DA8
:101E3000954203D005D24FF0FF3030BDA342F3D31B
:101E4000FBE70120F9E700002DE9F74F8A46064637
:101E5000114650461446FFF7DBFF051E12D12946F6
:101E60003046FFF70FFD024628B9414B40F23721BB
:101E7000404800F0F7F90123C0E90435104603B0EB
:101E8000BDE8F08FBCBF5346A2463046DAF80410D6
:101E9000BABF1C4601250025FFF7F4FC024618B91D
:101EA000334B40F24521E3E7DAF810702669C5604C
:101EB0000AF1140904F1140E00F114050AF11003DB
:101EC00009EB87080EEB86060193AB464FF0000C3A
:101ED000019B5EF8040B53F804AF01931FFA8AF3D9
:101EE000194683B2CB1A000C6344C0EB1A4000EBD6
:101EF00023409BB243EA004376454BF8043B4FEA4C
:101F0000204CE5D8331B153B153423F00303A642C0
:101F100038BF0023E8184B441C1D04302646A5EBAF
:101F20000905464506EB050E0ED308F10301091B12
:101F300021F003010133984538BF0021014451F8D5
:101F4000043D9BB1176199E756F8041BE2464FEA3E
:101F500011491CFA81FC514409EB2C4989B241EA30
:101F600009414FEA294CCEF80010DAE7013FE6E7D5
:101F7000CF3C0108823D010882B08DED000B019A33
:101F80000F4B1340A3F15073002B08DC5B42B3F1FD
:101F9000A07F4FEA235204DA4FF4002313410022BA
:101FA00008E0A2F114031E2BDABF4FF00042DA4022
:101FB000012200231946104641EC100B02B0704775
:101FC0000000F07F2DE9F041066900F1140808EBEC
:101FD0008606371F56F8042C1046FFF743FDC0F164
:101FE00020030A280B601B4915DCC0F10B0C22FAF8
:101FF0000CF3B84543EA010534BF56F8083C00230A
:10200000153002FA00F023FA0CF303431C4645ECAA
:10201000104BBDE8F081B8453ABF56F8083CA6F130
:10202000080700230B3812D0C0F1200123FA01F475
:1020300082402243474542F07F558CBF57F8042C1D
:1020400000228340CA4045F440151343DEE742EACC
:102050000105DBE70000F03F2DE9F7430F460121C2
:1020600059EC108B1646FFF70DFC044630B90246BA
:10207000234B244840F20F3100F0F4F8C9F30A551D
:10208000C9F313030DB143F480130193B8F10003B6
:1020900023D068460093FFF704FD0099D8B1019A58
:1020A000C0F1200302FA03F30B43C24063610192C3
:1020B000019BA361002B0CBF012202222261A5B16A
:1020C000A5F2334505443D60C0F13500306020463F
:1020D00003B0BDE8F0836161EAE701A8FFF7E1FC26
:1020E000019B636120300122E8E704EB8203A0F248
:1020F000324038601869FFF7B5FCC0EB4210E5E7E5
:10210000CF3C0108823D01082DE9F74F884669461A
:102110008146FFF757FF01A9404655EC104BFFF7EA
:1021200051FFD8F81030D9F81020D21ADDE900316B
:102130005B1A03EB421357EC106B002BD6BFC3EBBB
:1021400003332A463A46AB46A246CEBF02EB035BB8
:1021500002EB035300EE903A4BEC17AB87EE000B0B
:1021600003B0BDE8F08F013970B549111469013130
:1021700002F1140300EB810103EB8404051FA34269
:102180000CD3A31A113B23F003031132944238BF3E
:10219000002318440023884205D370BD53F8046B14
:1021A00045F8046FEBE740F8043BF4E700F1140254
:1021B00000694B11984210B511DB0ADD11F01F01C7
:1021C00007D052F8234024FA01F000FA01F18C42C2
:1021D0000BD102EB8303934203D8002010BD0346CA
:1021E000F7E753F8041D0029F5D00120F6E72DE9A3
:1021F000F041074614460D4621B9BDE8F0411146AD
:10220000EEF796BE2AB9EFF763F825462846BDE8F3
:10221000F08100F059F88442064602D8B4EB500F22
:10222000F4D821463846EEF783FE804608B9454685
:10223000ECE7B4422246294628BF3246FEF7C6FCE8
:1022400029463846EFF744F8F1E70346084641B11E
:10225000FF2A04D98A221A604FF0FF3070470A70B3
:10226000012070471FB514461A46094B1B680546E6
:10227000D8684CB1074B0091CDE9013406492B4693
:1022800000F02AF800F03AF8044B1C46F3E700BFD0
:102290000C000024E43D0108F13D01081A2F01085B
:1022A00070B5A1FB025434B92946EEF741FE06464B
:1022B00028B9304670BD0C2202600026F9E72A4694
:1022C0002146EEF7E3FDF4E751F8043C181F002B1C
:1022D000BCBF0B58C01870470EB403B5014603AB22
:1022E000054853F8042B0068019300F037F802B05A
:1022F0005DF804EB03B070470C00002408B506201D
:1023000000F05CFA0120EFF735FB9368013B002BEE
:1023100010B4936008DA9469A34201DB0A2903D15F
:102320005DF8044B00F032B91368581C1060197046
:1023300008465DF8044B7047F8B506460F4614464C
:10234000D518AC4201D1002007E014F8011B3A4631
:102350003046FFF7DAFF431CF3D1F8BD2DE9F04F0B
:102360000D469DB014469846064618B1036A0BB94F
:10237000EEF756FD6B6ED90705D4AB899A0502D4EA
:10238000A86DEEF7B0FDAB891B0701D52B699BB992
:102390002946304600F038F970B16B6EDC0704D581
:1023A0004FF0FF301DB0BDE8F08FAB899805F7D432
:1023B000A86DEEF799FDF3E70023099320238DF82C
:1023C0002930CDF80C803023DFF8AC818DF82A302D
:1023D0004FF0010923469A4613F8012B0AB1252A2A
:1023E000F9D1BAEB040B0BD05B46224629463046A6
:1023F000FFF7A2FF013000F0A780099A5A44099222
:102400009AF80030002B00F09F8000234FF0FF323D
:10241000CDE905230AF1010A049307938DF853309F
:102420001A935446052214F8011B5348EEF718FA84
:10243000049AD8B9D10644BF20238DF8533013072E
:1024400044BF2B238DF853309AF800302A2B15D037
:10245000079A544600204FF00A0C214611F8013B20
:10246000303B092B4BD9B0B1079214E0A0EB080325
:1024700009FA03F313430493A246D2E7039B191D01
:102480001B680391002BBBBF5B4242F00202079323
:102490000793B8BF049223782E2B0AD163782A2B96
:1024A00032D1039B1A1D1B68039243EAE373023483
:1024B0000593DFF8D4A0217803225046EEF7D0F937
:1024C00038B1049BA0EB0A00402282401343013440
:1024D000049314F8011B29488DF828100622EEF702
:1024E000BFF900283FD0264B1BBB039B073323F0CB
:1024F000070308330393099B3B4409936AE70CFBEA
:1025000002320C460120A8E7002301340593194646
:102510004FF00A0C204610F8012B303A092A03D953
:10252000002BC6D00591C4E70CFB01210446012312
:10253000F0E703AB00932A46124B04A93046AFF3F1
:1025400000800746781CD6D16B6ED90705D4AB89BD
:102550009A0502D4A86DEEF7C7FCAB895B063FF580
:102560001FAF09981EE703AB00932A46054B04A949
:102570003046FFF767F8E4E7493D0108533D01089D
:1025800000000000392301084F3D0108F8B50E4650
:102590001446054618B1036A0BB9EEF741FCA3696E
:1025A000A360A3891A0701D5236943B921462846A8
:1025B00000F02AF818B14FF0FF373846F8BD23680D
:1025C0002269981A6369F6B28342374605DC2146D0
:1025D0002846EEF7AFFD0028EDD1A368013BA360CC
:1025E00023685A1C22601E706269431C9A4204D000
:1025F000A389DB07E1D50A2EDFD121462846EEF775
:1026000099FD0028D9D0D6E738B5284B054618687B
:102610000C4618B1036A0BB9EEF702FCB4F90C30A2
:102620001A0721D4D80607D409222A6043F04003B0
:10263000A3814FF0FF3030E0590712D5616B41B1F3
:1026400004F14403994202D02846EEF741FE0023EC
:1026500063630022B4F90C3062602269226023F0C7
:10266000240343F00803A38122693AB99A0501D5EE
:10267000180603D52146284600F03EF8B4F90C3080
:1026800013F001020AD00022A26062695242A261E4
:10269000226942B913F08000C8D138BD990758BFEC
:1026A0006269A260F4E70020F7E700BF0C00002495
:1026B00070B50C46B1F90E10002996B015461E46AD
:1026C0000ADAA18911F0800113D14FF48062002051
:1026D00031602A6016B070BD6A4600F09BF8002891
:1026E000EFDB019901F47041A1F5005359425941C2
:1026F000EBE700214022EAE78B8973B59E07054688
:102700000C4607D504F1470323602361012363616D
:1027100002B070BD01AB6A46FFF7CAFF009E2846B3
:102720003146EEF705FCB4F90C3038B99A05EFD410
:1027300023F0030343F00203A381E3E743F08003A4
:10274000A381019B2060C4E90406002BE0D0B4F90A
:102750000E10284600F03AF80028D9D0A38923F0BB
:10276000030343F00103A381D2E71F2938B50546CF
:102770000C4604D9162303604FF0FF3038BDC26BFE
:1027800012B152F821304BB9284600F041F82246E8
:1027900001462846BDE8384000F028B8012B0AD091
:1027A000591C03D1162303600120E7E7002142F8FA
:1027B0002410204698470020E0E70000024B014625
:1027C0001868FFF7D2BF00BF0C00002438B5064DD3
:1027D0000023044608462B60EFF7EFF8431C02D1B4
:1027E0002B6803B1236038BD0414002438B5074DAD
:1027F00000230446084611462B60EFF7B3F8431C4C
:1028000002D12B6803B1236038BD00BF041400243B
:10281000EFF7A6B838B5074D002304460846114621
:102820002B60EFF7C5F8431C02D12B6803B123607E
:1028300038BD00BF0414002408B502460B4643EC23
:10284000172BB5EEC07BF1EE10FA03D4BDE80840BB
:1028500000F00AB8B1EE477B51EC170B00F004F81A
:10286000404261EB410108BD9FED0B6B41EC170B42
:102870009FED0B5B27EE066BBCEEC66BB8EE464BCE
:10288000A4EE457BFCEEC77B16EE101A17EE900AFD
:10289000704700BFAFF30080000000000000F03D73
:1028A000000000000000F041F8B500BFF8BC08BC13
:1028B0009E467047F8B500BFF8BC08BC9E467047FE
:1028C000F9290108543001085C300108643001081E
:1028D000F9290108543001085C300108643001080E
:1028E000A32F0108A82F0108B52F0108F72B010815
:1028F000683001087530010844300108443001088F
:10290000503001085830010860300108F9290108E9
:10291000543001085C3001086430010801AA61707C
:1029200070207265717565737400646F75626C6593
:10293000207265736574006E6F206669726D7761D1
:102940007265006F6E006F666600515350492052E9
:10295000454144204641494C0042414420494D41B3
:102960004745005B20205D20626F6F7455702829F9
:102970000A002020202020696D616765203A20250B
:10298000730A0020202020207374617920203A20CF
:10299000257320286D7363202573290A00202020C9
:1029A00020205B21215D206E6F207461672C206EDA
:1029B0006F2076657273696F6E202D206A756D7059
:1029C000696E6720616E797761790A002020202086
:1029D000205B455F5D206A756D70206661696C657E
:1029E0006420283078255829202D2073746179209F
:1029F000696E20626F6F740A004E4F4E4500486149
:102A000072644661756C74004D656D4D616E6167F1
:102A100065004275734661756C7400557361676536
:102A20004661756C74005B21215D207374616C6577
:102A300020746167202874616720256420213D206F
:102A4000766572202564290A005B21215D20667766
:102A5000206372632030782530345820213D2030A7
:102A600078253034580A00626F6F74004F4B005B5A
:102A700020205D20626F6F7450726F6D6F746554AB
:102A8000616728292073697A652025640A0020205F
:102A90002020205B455F5D20746167206572617353
:102AA00065206661696C0A0020202020205B455F5C
:102AB0005D20746167207772697465206661696C56
:102AC0000A0020202020202D3E2025730A005B458F
:102AD0005F5D206261642072657365742068616E59
:102AE000646C657220307825580A005B20205D20D8
:102AF000626F6F744A756D704669726D28290A009D
:102B0000202020202061646472203A2030782558EB
:102B10000A00696E666F00626F6F74206164647290
:102B200020203A2030782530385820282564204B42
:102B300042290A006669726D206164647220203A3D
:102B40002030782530385820282564204D422C200C
:102B50005153504920586950290A00202074616758
:102B60002020202020203A20307825303858202876
:102B70002564204B42290A002020766563746F7219
:102B80002020203A203078253038580A00696D67B7
:102B900020747970652020203A2025730A00746122
:102BA000672073697A652020203A2025640A007422
:102BB000616720637263202020203A20307825301E
:102BC00034580A00766572206E616D652020203AC7
:102BD0002025730A007665722073747220202020ED
:102BE0003A2025730A007665722073697A65202081
:102BF000203A2025640A007461670070726F6D6F5F
:102C00007465203A2025730A006A756D70006A7534
:102C10006D702E2E2E0A00626F6F7420696E666FC3
:102C20000A00626F6F74207461670A00626F6F74CC
:102C3000206A756D700A005B4F4B5D20636D6454B4
:102C400061736B496E697428290A00555342204309
:102C500044430055534220484944000A2E2E2E205A
:102C600028ECB69CEBA0A5EC9DB420EC9E98EBA0C4
:102C7000B8EB8BA4290A0057454143542D483735FA
:102C8000302D424F4F5400563236303833305232A6
:102C9000005B20205D20667720626567696E2025D5
:102CA000642062797465730A005B20205D2066777A
:102CB00020656E642025642062797465732C20631E
:102CC0007263203078253034580A00636F756E7453
:102CD00020202020203A2025640A002564203A2064
:102CE000252D3136730A006D6F64756C6520696E31
:102CF000666F0A004661696C005B20205D206D6F85
:102D000064756C65496E697428290A0020202020AA
:102D1000202020636F756E74203A2025640A005BC2
:102D200020205D206D6F64756C65426567696E2853
:102D3000290A002020202020202025732025730A26
:102D400000202020202020202573205072696F72DF
:102D5000697479202564204661696C0A006D6F648E
:102D6000756C65005B20205D2075663220666C7591
:102D70007368203A2025642062797465732C20637F
:102D80007263203078253034580A005B4F4B5D2049
:102D9000756632496E697428290A00202020202097
:102DA00066616D696C794944203A20307825303865
:102DB000580A0020202020206D617820667720208E
:102DC000203A202564204B420A00756632006E6F5F
:102DD000742070726573656E740066616D696C79DC
:102DE000494420203A203078253038580A006D6157
:102DF00078206677202020203A202564204B420A44
:102E0000006469736B2020202020203A2025642054
:102E10004D4220284641543136290A006D656469C7
:102E2000756D202020203A2025730A006275737981
:102E30002020202020203A202564202028256425D9
:102E400025290A0075663220696E666F0A005B45A7
:102E50005F5D2066616D696C794944203078255842
:102E600020213D20307825580A005B20205D207508
:102E7000663220626567696E2028256420626C6F67
:102E8000636B73290A005B455F5D20756632466C93
:102E9000617368466C75736828290A005B20205DA1
:102EA00020756632202D3E206A756D700A005B45E4
:102EB0005F5D20756632206A756D70206661696C91
:102EC00065640A0025730D0A0D0A005745414354F5
:102ED0002D4837353000426F6172642020203A203F
:102EE00025730D0A00426F6F74205665723A2025D3
:102EF000730D0A0046616D696C7949443A20307857
:102F0000253038580D0A004D617820465720203A68
:102F1000202564204B420D0A0D0A004649524D20DF
:102F20002020203A2025730D0A0020202020202078
:102F300020202020252E2A730D0A0020202020206A
:102F400020202020202564204B4220206372632013
:102F50003078253034580D0A000D0A44726F702005
:102F600061202E7566322066696C65206865726521
:102F700020746F207570646174652E0D0A00426FB5
:102F80006F742053746F7261676500424152414D06
:102F9000005B455F5D207566322061626F7274650B
:102FA000640A006E6F6E650072617720286E6F2074
:102FB000746167290076657220286E6F20746167DE
:102FC00029004A554D50204641494C00483735307C
:102FD00020424F4F540044524F50202E554632202D
:102FE000544F204649580057414954494E472055AF
:102FF000504441544500252E32327300555342202F
:103000004344432B48494425730055504441544997
:103010004E470025336425250052554E204150501F
:1030200000252E323073004E4F2056455253494FE3
:103030004E20494E464F0046573A2573203078259A
:10304000303858004E4F204649524D5741524500A6
:1030500046573A205241570046573A2056455200AB
:1030600046573A2054414700444F55424C45205260
:1030700045534554004150502052455155455354F5
:10308000001B5B256444001B5B256450000A0D0097
:10309000636C69232000437572736F7220203A209D
:1030A00025640A00436F756E742020203A20256441
:1030B0000A006275665F6C656E203A2025640A001E
:1030C00062756620202020203A2025730A006C6952
:1030D0006E655F6920203A2025640A006C696E6580
:1030E0005F6C74203A2025640A006C696E655F632A
:1030F00020203A2025640A0062756620256420207D
:10310000203A2025730A002D2D2D2D2D2D2D2D2D0E
:103110002D20636D64206C697374202D2D2D2D2D51
:103120002D2D2D2D0D0A002D2D2D2D2D2D2D2D2D3F
:103130002D2D2D2D2D2D2D2D2D2D2D2D2D2D2D2DBF
:103140002D2D2D2D0D0A003E3E206D6420616464FE
:1031500072205B73697A655D200A00203078253023
:1031600038583A200020207C002563002E007C0A7D
:1031700020202000200C0A0D090B000820081B5BF2
:103180003150001B5B346825631B5B346C001B5B98
:103190002564430068656C70006D64001B5B2564EA
:1031A00041001B5B256442004661756C74204D65CF
:1031B00073736167650A00202054797065203A2096
:1031C00025640A0020204D736720203A2025730AC9
:1031D00000202052302020203A20307825303858E6
:1031E0000A00202052312020203A20307825303823
:1031F000580A00202052322020203A2030782530F2
:1032000038580A00202052332020203A20307825D8
:103210003038580A00202052313220203A203078AD
:10322000253038580A0020204C522020203A2030E7
:1032300078253038580A00202050432020203A209A
:103240003078253038580A00202050535220203A38
:10325000203078253038580A005B4F4B5D20666C73
:10326000617368496E697428290A00202020202093
:10327000426F6F742020203A203078253038582053
:103280003132384B4220283120736563746F7229C4
:103290000A00666C61736800424F4F542020203A48
:1032A0002030782530385820202564204B420A00F1
:1032B0004649524D2020203A203078253038582079
:1032C000202564204B42202028515350492C20585F
:1032D0006950290A00202054414720203A203078A4
:1032E0002530385820202564204B420A00202056E3
:1032F000454320203A203078253038580A0072653E
:1033000061640072656164206661696C20307825B3
:103310003038580A000A307825303858203A2000D2
:10332000253032582000666C61736820696E666FC4
:103330000A00666C617368207265616420205B61BD
:103340006464725D205B6C656E6774685D0A005B27
:10335000455F5D20666C61736845726173652829FD
:103360002070726F7465637465642030782530381E
:10337000580A005B455F5D20666C6173685772692F
:10338000746528292070726F7465637465642030D9
:1033900078253038580A006770696F002564202549
:1033A0002D313673202D2025640A0073686F770055
:1033B0002530326420252D313673202D2025640AD6
:1033C000006770696F2072656164202564203A206F
:1033D00025640A007772697465006770696F2077E9
:1033E00072697465202564203A2025640A0067709C
:1033F000696F20696E666F0A006770696F20736875
:103400006F770A006770696F207265616420636876
:103410005B307E25645D0A006770696F2077726992
:1034200074652063685B307E25645D20303A310A24
:10343000004C43445F4353004C43445F4443004CBF
:1034400043445F424C004B45595F31005B455F5D33
:10345000206C6364496E697428290A005B4F4B5DD8
:10346000206C6364496E697428290A006C636400E7
:103470005B4C434420ED858CEC8AA4ED8AB85D005A
:10348000256420667073002564206D7300626C00F3
:103490006C636420746573740A006C636420626CEE
:1034A00020307E3130300A00626F6F742E6C696E8E
:1034B000655F696E6465782025640A00626F6F74C9
:1034C0002E6275665F6C656E6774682025640A00FD
:1034D0006C6973742E6C696E655F696E64657820C3
:1034E00025640A006C6973742E6275665F6C656E84
:1034F0006774682025640A006C697374006C6F67D8
:1035000020696E666F0A006C6F6720626F6F740AC5
:10351000006C6F67206C6973740A006C6F6700251C
:103520003034580925730048414C5F515350495F6E
:10353000496E69742829206661696C0A00515350EC
:10354000495F52657365744D656D6F7279282920E6
:103550006661696C0A00515350495F436F6E66693A
:10356000672829206661696C0A00455F005B257346
:103570005D2071737069496E697428290A002020E2
:103580002020204A45444543204944203A20253004
:103590003258202530325820253032580A00202059
:1035A00020202057696E626F6E6420203A202564C7
:1035B000204D420A0020202020205B21215D206533
:1035C0007870656374202564204D42202857323579
:1035D0005136344A56290A0020202020205B455FBE
:1035E0005D20756E6B6E6F776E20666C6173680A16
:1035F000005B455F5D2071737069496E69742829AD
:10360000202D204765744944206661696C0A007169
:1036100073706900547275650046616C7365007162
:1036200073706920666C6173682061646472202025
:103630003A20307825580A007173706920786970D3
:103640002020206164647220203A20307825580AB6
:103650000071737069207869702020206D6F646537
:1036600020203A2025730A007173706920737461F9
:103670007465202020202020203A20005245534508
:10368000540A0052454144590A00425553590A0010
:10369000425553595F54585F494E440A00425553AE
:1036A000595F52585F494E440A00425553595F4191
:1036B00055544F5F504F4C4C494E470A00425553AA
:1036C000595F4D454D5F4D41505045440A004142C0
:1036D0004F52540A004552524F520A00554E4B5712
:1036E0004E4F4E0A002564203A204F4B0A002564B5
:1036F000203A204641494C0A007869700071737085
:10370000695365745869704D6F64652829203A20A3
:103710004F4B0A00717370695365745869704D6F2F
:1037200064652829203A204661696C0A007173702B
:103730006920786970206D6F646520203A202573B8
:103740000A0061646472203A2030782558092030DC
:1037500078253032580A0061646472203A2030784B
:10376000255809204661696C0A006572617365001D
:1037700061646472203A203078255809206C656EA7
:10378000203A202564202564206D730A006164645A
:1037900072203A2030782558092030782558202585
:1037A000646D730A0073706565642D7465737400CD
:1037B00071737069526561642829204661696C3AA9
:1037C00025640A002564204B422F7365630A00714B
:1037D00073706920696E666F0A0071737069207872
:1037E0006970206F6E3A6F66660A007173706920A7
:1037F000746573740A007173706920737065656411
:103800002D746573740A0071737069207265616448
:1038100020205B616464725D205B6C656E67746818
:103820005D0A0071737069206572617365205B6168
:103830006464725D205B6C656E6774685D0A00711C
:10384000737069207772697465205B616464725D6E
:10385000205B646174615D0A005B4F4B5D207265A3
:10386000736574496E697428290A004D4F44455F99
:103870004249545F424F4F54004D4F44455F4249C7
:10388000545F4D53430020202020207265736574DF
:103890005F636F756E74203A2025640A0052657369
:1038A0006574204269747320203A20307825580AC4
:1038B0000020202020202025730A00426F6F7420F2
:1038C0004D6F64652020203A20307825580A007218
:1038D0006573657420636F756E74203A2025640AE1
:1038E00000626F6F7420747279202020203A2025A6
:1038F000640A006661756C7420636F756E74203A9B
:103900002025640A006D7363006661756C7400693C
:103910006E6300636C65617200636C6561726564FF
:103920000A00726573657420696E666F0A007265BD
:1039300073657420626F6F74205B6D73635D0A0042
:1039400072657365742072657365740A00726573BD
:103950006574206661756C7420696E637C636C6548
:1039600061720A0052455345545F4249545F504FBB
:103970005745520052455345545F4249545F5049A0
:103980004E0052455345545F4249545F57444700E7
:1039900052455345545F4249545F534F4654005279
:1039A000455345545F4249545F455443005B25737A
:1039B0005D20727463496E697428290A0072746309
:1039C0000069735F696E6974203A2025640A006794
:1039D000657400593A25303264204D3A25303264FE
:1039E00020443A253032642C20483A253032642075
:1039F0004D3A2530326420533A253032640A00743F
:103A0000696D65006461746500593A25303264203F
:103A10004D3A2530326420443A253032640A00722F
:103A2000746320696E666F0A007274632067657440
:103A300020696E666F0A0072746320736574207467
:103A4000696D65205B685D205B6D5D205B735D0A61
:103A500000727463207365742064617465205B79FF
:103A60005D205B6D5D205B645D0A007561727400B2
:103A70005F4445465F554152542564203A202573E2
:103A80002C202564206270730A003C2D205F444581
:103A9000465F554152542564205258203A203078D0
:103AA00025580A002D3E205F4445465F554152543B
:103AB0002564205458203A20307825580A0054684C
:103AC000697320697320636C69506F72740A0075A2
:103AD00061727420696E666F0A0075617274207479
:103AE0006573742063685B317E25645D0A005553FD
:103AF0004152543120535744202020005553422036
:103B000043444320202020202000434D4420434CA8
:103B100049202020202020004344432B4849442BA7
:103B20004D5343004344432B484944005B455F5D8C
:103B300020757362496E697428290A005B4F4B5DDA
:103B400020757362496E697428290A00202020209C
:103B5000206D6F6465203A2025730A00757362003A
:103B6000696E6974202020203A2025640A006D6F58
:103B70006465202020203A2025730A00636F6E6E52
:103B8000656374203A2025640A006F70656E2020FA
:103B900020203A2025640A006261756420202020DC
:103BA0003A2025640A0075736220696E666F0A0008
:103BB0003031323334353637383941424344454663
:103BC00000483735302043444300483735302042E1
:103BD0004F4F54204849440048373530204D534317
:103BE000000D0A5B20426F6F746C6F616465722018
:103BF000426567696E2E2E2E205D0D0A00426F6FA2
:103C000074696E672E2E4E616D652009093A202574
:103C1000730D0A00426F6F74696E672E2E566572BF
:103C2000202009093A2025730D0A00426F6F74693C
:103C30006E672E2E436C6F636B09093A2025642052
:103C40004D687A0D0A00426F6F74696E672E2E48B8
:103C5000434C4B2009093A202564204D687A0D0A0F
:103C600000417567203330203230323600426F6FAA
:103C700074696E672E2E446174652009093A202507
:103C8000730D0A0030303A35343A343800426F6FE1
:103C900074696E672E2E54696D652009093A2025D6
:103CA000730D0A00426F6F74696E672E2E41646453
:103CB000722009093A20307825580D0A006E6600F6
:103CC000696E69747900616E00504F534958004223
:103CD000616C6C6F63207375636365656465640014
:103CE0002F566F6C756D65732F646174612F6A65F3
:103CF0006E6B696E732F776F726B73706163652F74
:103D0000474E552D746F6F6C636861696E2F6172D9
:103D10006D2D31342F7372632F6E65776C69622D50
:103D200063796777696E2F6E65776C69622F6C694E
:103D300062632F7374646C69622F6764746F612DA2
:103D40006765746865782E6300232D302B2000682A
:103D50006C4C006566674546470030313233343578
:103D600036373839616263646566005245454E54A2
:103D7000206D616C6C6F632073756363656564654A
:103D800064002F566F6C756D65732F646174612FBD
:103D90006A656E6B696E732F776F726B7370616398
:103DA000652F474E552D746F6F6C636861696E2F78
:103DB00061726D2D31342F7372632F6E65776C696C
:103DC000622D63796777696E2F6E65776C69622FF4
:103DD0006C6962632F7374646C69622F6D707265B5
:103DE000632E63002C2066756E6374696F6E3A20D3
:103DF00000617373657274696F6E202225732220CF
:103E00006661696C65643A2066696C652022257379
:103E1000222C206C696E65202564257325730A00A9
:103E20000000000001020304010203040607080960
:103E300000000840650000000900000000100000BC
:103E4000000004404D0000000900000000100000C8
:103E5000000008406500000009000000001000009C
:103E6000000004404D0000000900000000100000A8
:103E7000000005800F800A001B801E0014001180C6
:103E8000338036003C00398028002D8027802200B6
:103E9000638066006C00698078007D8077807200A6
:103EA000500055805F805A004B804E004400418096
:103EB000C380C600CC00C980D800DD80D780D20086
:103EC000F000F580FF80FA00EB80EE00E400E18076
:103ED000A000A580AF80AA00BB80BE00B400B18066
:103EE000938096009C00998088008D808780820056
:103EF000838186018C01898198019D81978192013E
:103F0000B001B581BF81BA01AB81AE01A401A1812D
:103F1000E001E581EF81EA01FB81FE01F401F1811D
:103F2000D381D601DC01D981C801CD81C781C2010D
:103F3000400145814F814A015B815E0154015181FD
:103F4000738176017C01798168016D8167816201ED
:103F5000238126012C01298138013D8137813201DD
:103F6000100115811F811A010B810E0104010181CD
:103F7000038306030C03098318031D8317831203AD
:103F8000300335833F833A032B832E03240321839D
:103F9000600365836F836A037B837E03740371838D
:103FA000538356035C03598348034D83478342037D
:103FB000C003C583CF83CA03DB83DE03D403D1836D
:103FC000F383F603FC03F983E803ED83E783E2035D
:103FD000A383A603AC03A983B803BD83B783B2034D
:103FE000900395839F839A038B838E03840381833D
:103FF000800285828F828A029B829E029402918235
:10400000B382B602BC02B982A802AD82A782A20224
:10401000E382E602EC02E982F802FD82F782F20214
:10402000D002D582DF82DA02CB82CE02C402C18204
:10403000438246024C02498258025D8257825202F4
:10404000700275827F827A026B826E0264026182E4
:10405000200225822F822A023B823E0234023182D4
:10406000138216021C02198208020D8207820202C4
:104070000000000000000000000000000000000040
:1040800000183C3C3C3C1818181800181800000098
:10409000003636122400000000000000000000007E
:1040A000003636373E7636373E76363636000000F6
:1040B00000143E5555341C161555553E140000008D
:1040C00000636366660C0C181833336363000000EA
:1040D00000386C6C6430305B5B6D6D663B000000DB
:1040E0000030301020000000000000000000000040
:1040F00000060C18183030303018180C060000007C
:104100000030180C0C060606060C0C1830000000D7
:1041100000001818DB7E3C7EDB1818000000000051
:104120000000001818187E18181800000000000081
:10413000000000000000000000000060602040005F
:1041400000000000007F7F00000000000000000071
:10415000000000000000000000000000606000009F
:1041600000030306060C0C18183030606060000075
:10417000003E6767676B6B6B6B7373733E00000089
:10418000000C1C3C6C0C0C0C0C0C0C0C0C000000FF
:10419000003E636363060C18306060607F000000BF
:1041A000003E636363031E03036363633E0000001A
:1041B0000018181830363666667F060606000000BE
:1041C000007F6060607E0303036363633E00000062
:1041D000000E183030607E63636363633E0000004E
:1041E000007F0306060C0C181830306060000000D9
:1041F000003E636363633E63636363633E0000008A
:10420000003E63636363633F0306060C180000000F
:10421000000000181800000018180000000000003E
:104220000000001818000000181808100000000016
:104230000003060C183060C06030180C0603000044
:10424000000000007F7F007F7F0000000000000072
:1042500000C06030180C0603060C183060C0000067
:10426000003E636363060C1818180018180000005D
:10427000001C2259454D5555554D47221C00000044
:1042800000081C366363637F7F6363636300000021
:10429000007E636363637E63636363637E00000029
:1042A000003E636363606060606363633E000000C0
:1042B000007C666363636363636363667C00000022
:1042C000007F606060607E60606060607F00000012
:1042D000007F606060607E60606060606000000021
:1042E000003E63636360606F636363633E0000006E
:1042F0000063636363637F636363636363000000FE
:10430000001818181818181818181818180000008D
:104310000006060606060606666666663C0000009F
:104320000063666C7870786C6C666663630000008E
:104330000060606060606060606060607F000000DE
:1043400000416363777F6B636363636363000000B3
:1043500000636373737B7B6F6F6767636300000049
:10436000003E636363636363636363633E000000F3
:10437000007E636363637E60606060606000000075
:10438000003E636363636363637B6D763B000000A1
:10439000007E636363637E6C6C666663630000002B
:1043A000003E636360301C06036363633E000000ED
:1043B00000FF1818181818181818181818000000F6
:1043C0000063636363636363636363633E0000006E
:1043D00000636363363636361C1C1C080800000078
:1043E000006363636363636B7F7763634100000013
:1043F00000636336361C1C1C1C36366363000000E9
:1044000000C3C366663C3C18181818181800000052
:10441000007F0306060C0C18183030607F00000087
:10442000001F18181818181818181818181F000046
:104430000060603030301818180C0C0C06060000B4
:10444000007C0C0C0C0C0C0C0C0C0C0C0C7C0000F0
:10445000081C36634100000000000000000000005E
:1044600000000000000000000000000000007F00CD
:10447000000C0C0804000000000000000000000018
:104480000000000000003C063E6666663F0000003B
:104490000060606060607E63636363637E00000051
:1044A0000000000000003E63606060633E000000AA
:1044B0000003030303033F63636363633F00000080
:1044C0000000000000003E63637F60633E00000068
:1044D0000000001834307C303030303030000000C4
:1044E0000000000000003F636363633F0303633E1B
:1044F0000060606060607E6363636363630000000C
:1045000000000018180018181818181818000000D3
:104510000000000606000606060606666666663C9D
:1045200000000060606063666C78786C6700000073
:10453000001818181818181818181818180000005B
:10454000000000000000766D6D6D6D6D6D00000067
:104550000000000000006E7363636363630000008B
:104560000000000000003E63636363633E000000E0
:104570000000000000007E63636363637E60606030
:104580000000000000003F63636363633F030303B5
:104590000000000000006F7060606060600000005C
:1045A0000000000000003E63603E03633E00000028
:1045B0000000000030307C30303030361C0000000D
:1045C0000000000000006363636363673B0000005A
:1045D000000000000000636336361C1C0800000069
:1045E0000000000000006363636B7F634100000014
:1045F00000000000000063361C081C366300000049
:10460000000000000000636336361C1C18183030B0
:104610000000000000007F060C1830607F000000E2
:1046200000070C0C0C0C0C180C0C0C0C0C070000EC
:104630000018181818181818181818181818000042
:10464000007018181818180C18181818187000008E
:10465000003B6F660000000000000000000000004A
:10466000000000000000000000000000000000004A
:1046700000100258000800000201000100000000C4
:10468000313401080010025800200000020100002F
:104690000100000038340108001002580004000036
:1046A00002000100020000003F3401080008025827
:1046B0000020000001010000030000004634010852
:1046C0001C100024141000240C10002404100024DA
:1046D00000000000000000000000000000000000DA
:1046E00000000000000000000000000000000000CA
:1046F00000000000000000000000000000000000BA
:1047000000000000E003E003E003E003E003E00357
:10471000E003E003C003C003C001C001C001C00149
:10472000C001000000000000E003E003E00300001F
:1047300000000000000000003C1E3C1E3C1E3C1E11
:104740003C1E3C1E3C1E000000000000000000005B
:104750000000000000000000000000000000000059
:10476000000000000000000000000000CE01CE03A9
:10477000DE039E039C039C07FF3FFF7F3807380F33
:10478000780F780F780EFFFFFFFFF01EF01CE01C83
:10479000E03CE03DE03900000000000000000000C7
:1047A000FC03FE0FEE1FE01EE01EE01EE01EE01FF9
:1047B000E00FE007F003FC01FE01FE01FE01FE0137
:1047C000FE01FE01FE3DFC3FF00FE001E0010000B4
:1047D00000000000033E07F78FE78EE79EE3BCE38F
:1047E000B8E7F8E7F0F7E03FC001FF03FF07F30782
:1047F000F30FF31EF33CF338F3787FF03FE0000053
:104800000000000000000000E007F80F780F781F9C
:10481000781F781F780FF00FE00F801FC37FC3FB56
:10482000E7F3F7F1F7F0FFF07FF03EF87F7CFF3F12
:10483000EF1F00000000000000000000E003E003A4
:10484000E003E003E003C003C0010000000000003B
:104850000000000000000000000000000000000058
:104860000000000000000000000000000000000048
:104870003F007C00F001E001C003C0078007800713
:10488000800F000F000F000F000F000F000F800FB0
:1048900080078007C007C003E001F0017C003F00F3
:1048A0000F000000007E001FC007C003E001F00100
:1048B000F000F000F80078007800780078007800C8
:1048C0007800F800F000F000F001E001C003C0073C
:1048D000001F007E00780000E003C003C001CE3955
:1048E000FF3F7F3F20037003F807780F3C1F380617
:1048F00000000000000000000000000000000000B8
:1049000000000000000000000000000000000000A7
:104910000000000000000000C001C001C001C00193
:10492000C001C001C001FFFFFFFFC001C001C00105
:10493000C001C001C0010000000000000000000034
:104940000000000000000000000000000000000067
:104950000000000000000000000000000000000057
:104960000000E003E003E003E003E001E001E00118
:10497000C0018003000000000000000000000000F3
:1049800000000000000000000000FE3FFE3F0000AD
:104990000000000000000000000000000000000017
:1049A0000000000000000000000000000000000007
:1049B00000000000000000000000000000000000F7
:1049C00000000000000000000000E003E003E0033E
:1049D000E003000000000000000000000F000F00D6
:1049E0001E001E003C003C0078007800F000F00043
:1049F000E001E001C003C00380078007000F000F43
:104A0000001E001E003C003C0078007800F0000012
:104A1000F007F80F7C1F3E3E1E3C1F7C1F7C0F786A
:104A20000F780F780F780F780F780F781F7C1F7C26
:104A30001E3C3E3E7C1FF80FF00700000000000007
:104A400000000000F000F007F03FF03FF001F0013F
:104A5000F001F001F001F001F001F001F001F001CE
:104A6000F001F001F001F001F001FF3FFF3F000015
:104A70000000000000000000E00FF83F7C3C3C001C
:104A80003E003E003E003C003C007C00F800F0018F
:104A9000E003C0078007000F001E003E003CFE3F01
:104AA000FE3F00000000000000000000F00FF81FB3
:104AB0007C1C3E003E003E003C003C00F800F00F35
:104AC000F80F7C003E001E001E001E001E003E006F
:104AD0007C1CF81FE01F0000000000000000000028
:104AE0007800F800F800F801F803F807F807780FE5
:104AF000781E781E783C78787878FFFFFFFF780082
:104B0000780078007800780078000000000000004D
:104B100000000000FC1FFC1FFC1F001E001E001EEA
:104B2000001E001EE01FF81FFC007C003E003E003F
:104B30001E003E003E003C007C1CF81FE01F0000F1
:104B40000000000000000000FC01FE078E0F001FA7
:104B5000001E003E003C003CF83DFC3F3E7F1F7EB7
:104B60000F3C0F3C0F3C0F3C0F3E1F1E3E1FFC0F27
:104B7000F00300000000000000000000FF3FFF3FC6
:104B8000FF3F0F001E001E003C0038007800F000C0
:104B9000F000E001E001C003C0038007800F800F38
:104BA000000F001F001F00000000000000000000B8
:104BB000F807FC0F3E1F1E1E1E3E1E3E1E1E3C1F03
:104BC000F80FF007F80FFC1E3E3E1F3C1F7C0F7CC9
:104BD0000F7C1F3C3E3FFC1FF00700000000000060
:104BE00000000000F007F80F7C1E3E3C1E3C1F7CBE
:104BF0001F7C1F7C1F7C1F3C3F3EFF1FEF071F00D9
:104C00001E001E003E003C00F838F03FE01F000090
:104C10000000000000000000000000000000000094
:104C200000000000E003E003E003E00300000000F8
:104C300000000000000000000000E003E003E003CB
:104C4000E003000000000000000000000000000081
:104C50000000000000000000E003E003E003E003C8
:104C60000000000000000000000000000000E00361
:104C7000E003E003E003E001E001E001C0038003A2
:104C800000000000000000000000000003000F0012
:104C90003F00FC00F003C00F003F00FE003FC00FCC
:104CA000F003FC003F000F000300000000000000C4
:104CB00000000000000000000000000000000000F4
:104CC0000000000000000000FFFFFFFF00000000E8
:104CD0000000FFFFFFFF00000000000000000000D8
:104CE00000000000000000000000000000000000C4
:104CF0000000000000E000F8007E801FE007F801DF
:104D00007E001F007E00F801E007801F007E00F893
:104D100000E000000000000000000000F01FFC3F69
:104D20003E381F381F381E001E003C007800F0007F
:104D3000E001C003C003C007C0070000000000007E
:104D4000C007C007C007000000000000000000000E
:104D5000F803FE0F1E1F0F3E7F3CFF78EF79C773ED
:104D6000C7F38FF38FF38FF39FF39FF3FF73FF7BF3
:104D7000F779003C1C1FFC0FF80300000000000046
:104D800000000000000000000000E003E003F00766
:104D9000F007F007780F780F7C0E3C1E3C1E3E3C5F
:104DA000FE3FFF3F1F780F780FF007F007F000007D
:104DB0000000000000000000000000000000F83FBC
:104DC000FC3F3E3C1E3C1E3C1E3C3E3C7C3CF03FBF
:104DD000F83F7E3C1F3C1F3C0F3C0F3C1F3CFE3FFE
:104DE000F83F00000000000000000000000000008C
:104DF0000000FF01FF07871F003E003C007C007899
:104E00000078007800780078007C007C003E003F4D
:104E1000831FFF07FF0100000000000000000000EA
:104E2000000000000000F07FFC7F7E781F781F7874
:104E30000F780F780F780F780F780F780F780F783A
:104E40001F781E787E78F87FE07F00000000000069
:104E500000000000000000000000FF3FFF3F003E98
:104E6000003E003E003E003E003EFE3FFE3F003E54
:104E7000003E003E003E003E003EFF3FFF3F000080
:104E80000000000000000000000000000000FF1F04
:104E9000FF1F001E001E001E001E001E001EFF1F22
:104EA000FF1F001E001E001E001E001E001E001E12
:104EB000001E0000000000000000000000000000D4
:104EC0000000FE03FF0F871F003E007C007C00787F
:104ED00000F800F87FF87FF80F780F7C0F7C0F3E0A
:104EE0008F1FFF0FFE030000000000000000000005
:104EF0000000000000001F7C1F7C1F7C1F7C1F7CAB
:104F00001F7C1F7C1F7CFF7FFF7F1F7C1F7C1F7C03
:104F10001F7C1F7C1F7C1F7C1F7C0000000000008A
:104F200000000000000000000000FF3FFF3FE00322
:104F3000E003E003E003E003E003E003E003E00359
:104F4000E003E003E003E003E003FF3FFF3F000076
:104F50000000000000000000000000000000FC1F36
:104F6000FC1F7C007C007C007C007C007C007C00C2
:104F70007C007C007C007C0078007800F838F03FF2
:104F8000C03F000000000000000000000000000022
:104F900000001F3C1E3C3C3C783CF03CE03DE03FC8
:104FA000C03F803FC03FE03FF03DF03C783C7C3C60
:104FB0003E3C1F3C0F3C00000000000000000000D1
:104FC000000000000000003E003E003E003E003EAB
:104FD000003E003E003E003E003E003E003E003EE1
:104FE000003E003E003EFF3FFF3F0000000000008B
:104FF000000000000000000000001FF81FFC1FFC64
:105000003FFE3FFE3FFE7FFF77FF77FFF7F7E7F7B3
:10501000E7F3E7F3C7F307F007F007F007F0000046
:1050200000000000000000000000000000000F7CF5
:105030000F7C0F7E0F7F0F7F8F7F8F7FCF7FEF7B68
:10504000EF79FF79FF78FF787F783F783F781F7896
:105050001F780000000000000000000000000000B9
:105060000000F007FC1F3E3E1F7C0F780F780FF802
:105070000FF80FF80FF80FF80FF80F780F781F7C64
:105080003E3EFC1FF0070000000000000000000092
:10509000000000000000FC3FFF3F1F3E0F3E0F3EA0
:1050A0000F3E0F3E1F3E3F3EFC3FF03F003E003EA6
:1050B000003E003E003E003E003E000000000000BA
:1050C00000000000000000000000F007FC1F3E3E52
:1050D0001F7C0F780F780FF80FF80FF80FF80FF804
:1050E0000FF80F780F781F7C3E3EFC1FF8077C00FE
:1050F0003F000F0003000000000000000000F03F30
:10510000FC3F7E3C3E3C1E3C1E3C3E3C3C3CFC3C52
:10511000F03FE03FF03DF83C7C3C3E3C1E3C1F3CF9
:105120000F3C000000000000000000000000000034
:105130000000FC07FE1F0E3E003C003C003C003E11
:10514000C01FF80FFE037F001F000F000F001F207D
:105150003E3CFC3FF01F000000000000000000008B
:10516000000000000000FFFFFFFFE003E003E0039A
:10517000E003E003E003E003E003E003E003E00317
:10518000E003E003E003E003E003000000000000B0
:10519000000000000000000000000F7C0F7C0F7C6E
:1051A0000F7C0F7C0F7C0F7C0F7C0F7C0F7C0F7CA7
:1051B0000F7C0F7C1E3C1E3C3E3EFC1FF007000097
:1051C000000000000000000000000000000007F0E8
:1051D00007F007F80F780F7C1E3C1E3C1E3E3C1E5D
:1051E0003C1F781F780FF80FF007F007F007E00377
:1051F000E0030000000000000000000000000000CC
:10520000000003E003F003F007F0E7F3E7F3E7F350
:10521000E773F77BF77FFF7F7F7F7F7F7E7F7E3F18
:105220003E3E3E3E3E3E000000000000000000000A
:1052300000000000000007F80F7C1E3E3E3E3C1FB1
:10524000F80FF007E007E003E003F007F80F7C0F2A
:105250007C1E3E3C1F780F780FF00000000000001D
:105260000000000000000000000007F807780F7C35
:105270001E3C1E3E3C1F780FF80FF007E003E003D2
:10528000E003E003E003E003E003E003E0030000E9
:105290000000000000000000000000000000FF7F90
:1052A000FF7F0F001F003E007C00F800F000E001CF
:1052B000E003C007800F000F001E003E007CFF7F50
:1052C000FF7F00000000000000000000FF078007D3
:1052D0008007800780078007800780078007800796
:1052E0008007800780078007800780078007800786
:1052F00080078007800780078007FF07FF070000FF
:1053000000780078003C003C001E001E000F000FDB
:1053100080078007C003C003E001E001F000F00057
:10532000780078003C003C001E001E000F000F00BB
:1053300007000000F07FF000F000F000F000F00047
:10534000F000F000F000F000F000F000F000F000DD
:10535000F000F000F000F000F000F000F000F000CD
:10536000F000F07FF07F0000C000C001C001E0034A
:10537000E003F007F0077807780F380F3C1E3C1E5B
:105380001E3C1E3C0F380F7807780000000000001C
:10539000000000000000000000000000000000000D
:1053A00000000000000000000000000000000000FD
:1053B00000000000000000000000000000000000ED
:1053C000000000000000FFFFFFFF000000000000E1
:1053D000F0000000000000000000000000000000DD
:1053E00000000000000000000000000000000000BD
:1053F00000000000000000000000000000000000AD
:10540000000000000000000000000000000000009C
:10541000F80FFC3F7C3C3E003E003E00FE07FE1FB6
:105420003E3E3E7C3E783E7C7E7CFF3FCF1F0000B0
:105430000000000000000000003C003C003C003C7C
:10544000003C003CF83DFE3F3E3F1F3E0F3C0F3C02
:105450000F3C0F3C0F3C0F3C1F3C1E3C3E3FFC3FB3
:10546000F03B000000000000000000000000000011
:105470000000000000000000FE03FF0F871F003E39
:10548000003E003C007C007C007C003C003E003E76
:10549000871FFF0FFE030000000000000000000057
:1054A0001F001F001F001F001F001F00FF07FF1F1E
:1054B0003F3E1F3C1F7C1F7C1F7C1F781F781F7C7A
:1054C0001F7C3F3C7F3EFF1FDF0F000000000000FD
:1054D00000000000000000000000000000000000CC
:1054E000F803FC0F3E1F1E3E1F3C1F7CFF7FFF7F0B
:1054F000007C007C003C003E071FFF0FFE03000005
:105500000000000000000000FF01E103C003C0072D
:10551000C007C007FF7FFF7FC007C007C007C007E5
:10552000C007C007C007C007C007C007C007C00743
:10553000C0070000000000000000000000000000A4
:105540000000000000000000EF07FF1F7F3E1F3C2F
:105550001F7C1F7C1F781F781F781F7C1F7C3F3C9F
:105560007F3EFF1FDF0F1E001E001E007C38F83F2D
:10557000003C003C003C003C003C003CFC3DFE3F4D
:105580009E3F1F3F1F3E1F3C1F3C1F3C1F3C1F3CBC
:105590001F3C1F3C1F3C1F3C1F3C00000000000044
:1055A00000000000F001F001000000000000000019
:1055B000E07FE07FE001E001E001E001E001E001E7
:1055C000E001E001E001E001E001E001E0010000B4
:1055D0000000000000000000F800F80000000000DB
:1055E00000000000F83FF83FF800F800F800F8006D
:1055F000F800F800F800F800F800F800F800F800EB
:10560000F800F800F800F000F071E07F003C003C8A
:10561000003C003C003C003C1F3C3E3C7C3CF83CD9
:10562000F03DE03DC03FC03FE03FF03DF83C7C3CFA
:105630003E3C1F3C1F3C000000000000000000003A
:10564000F07FF001F001F001F001F001F001F00154
:10565000F001F001F001F001F001F001F001F001C2
:10566000F001F001F001F001F00100000000000085
:10567000000000000000000000000000000000002A
:105680009EF7FFFFFFFFFFFFE7FBE7F9C7F1C7F159
:10569000C7F1C7F1C7F1C7F1C7F1C7F1C7F1000002
:1056A00000000000000000000000000000000000FA
:1056B00000000000FC3DFE3F9E3F1F3F1F3E1F3C81
:1056C0001F3C1F3C1F3C1F3C1F3C1F3C1F3C1F3C02
:1056D0001F3C00000000000000000000000000006F
:1056E0000000000000000000F007FC1F3E3E1F3CD1
:1056F0001F7C0F780F780F780F780F781F7C1F3C76
:105700003E3EFC1FF007000000000000000000000B
:10571000000000000000000000000000F83DFE3F17
:105720003E3F1F3E0F3C0F3C0F3C0F3C0F3C0F3CDD
:105730001F3C1E3E3E3FFC3FF83F003C003C003C0F
:10574000003C003C000000000000000000000000E1
:10575000EE07FE1F7E3E1E3C1E7C1E781E781E78C5
:105760001E781E781E7C3E7C7E3EFE1FDE0F1E00D5
:105770001E001E001E001E000000000000000000B1
:10578000000000007F1FFF1FE71FC71F871F001FAC
:10579000001F001F001F001F001F001F001F001F11
:1057A000001F0000000000000000000000000000DA
:1057B0000000000000000000FC07FE1F0E1E003E5F
:1057C000003E003FE01FFC07FE003E001E001E00E2
:1057D0003E3CFC3FF01F0000000000000000000005
:1057E000000000000000800780078007FF7FFF7F28
:1057F0008007800780078007800780078007800771
:1058000080078007C007FF03FF01000000000000C1
:105810000000000000000000000000000000000088
:105820001E3C1E3C1E3C1E3C1E3C1E3C1E3C1E3CA8
:105830001E3C1E3C3E3C7E3CFE3EFE1FDE0F00003A
:105840000000000000000000000000000000000058
:105850000000000007F00F780F781E3C1E3C1E3E33
:105860003C1E3C1E780F780FF00FF007F007E003A6
:10587000E003000000000000000000000000000045
:10588000000000000000000003F0E3F1E3F3E7F3A1
:10589000F7F3F7F3F77F777F7F7F7F7F7F7F3E3E52
:1058A0003E3E3E3E3E3E0000000000000000000084
:1058B0000000000000000000000000000F7C1E3E01
:1058C0003C3E3C1FF80FF007F007E003F007F80735
:1058D000F80F7C1E3E3E1F3C1F78000000000000B9
:1058E00000000000000000000000000000000000B8
:1058F00007F80F780F7C1E3C1E3C3C1E3C1E3C1FD4
:10590000780FF80FF007F007E003E003C003C003CF
:10591000C0038007800F007F00000000000000002F
:1059200000000000FF3FFF3F1F003E007C00F8002A
:10593000F001E003C007800F001F001E003CFF7F46
:10594000FF7F00000000000000000000FE01E003F7
:10595000C003C003C003C003E001E001E001C001D7
:10596000C003803F803FC003C001E001E001E001CF
:10597000C003C003C003C003E003FE017E000000BB
:10598000C001C001C001C001C001C001C001C0010F
:10599000C001C001C001C001C001C001C001C001FF
:1059A000C001C001C001C001C001C001C001C001EF
:1059B000C0010000C03FE003E001E001E001E001C0
:1059C000C001C003C003C001E001FE00FE00E00111
:1059D000C001C003C003C001E001E001E001E0013B
:1059E000E003C03F003F0000000000000000000096
:1059F0000000000000000000000000000000073F61
:105A0000C77FE773FFF17EF0000000000000000098
:105A10000000000000000000000000000000000086
:105A20000000000000000000000000000000000076
:105A30000000000000000000000000000000000066
:105A40000000000C000C000C000C000C000C000C02
:105A5000000C000C000C000C0000000C000C0000FE
:105A6000000000000000001B001B001B001B001BAF
:105A70000000000000000000000000000000000026
:105A8000000000000000000000008019801980194B
:105A90008019C07FC07F80190033C07FC07F003372
:105AA0000033003300330000000000000000001E3F
:105AB000003F807580650074003C001E0007800573
:105AC000806580658075003F001E000400040000B2
:105AD0000000007000D840D8C0D880D900730006FC
:105AE000000C801BC036C066C046C00680030000A4
:105AF000000000000000001E003F003300330033B0
:105B0000001E000CC03CC066806380618063C03EA4
:105B1000801C0000000000000000000C000C000CC5
:105B2000000C000C0000000000000000000000005D
:105B300000000000000000000000000080000001E4
:105B40000003000600060004000C000C000C000C12
:105B5000000C000C00040006000600030001800099
:105B6000002000100018000C000C000400060006C5
:105B700000060006000600060004000C000C0018D9
:105B8000001000200000000C002D003F001E00331C
:105B90000000000000000000000000000000000005
:105BA0000000000000000000000000000000000CE9
:105BB000000C000C000CC0FFC0FF000C000C000C1F
:105BC000000C0000000000000000000000000000C9
:105BD00000000000000000000000000000000000C5
:105BE000000000000000000C000C0004000400088D
:105BF00000000000000000000000000000000000A5
:105C00000000001E001E0000000000000000000058
:105C10000000000000000000000000000000000084
:105C20000000000000000000000000000000000C68
:105C3000000C00000000000000000003000300034F
:105C40000006000600060006000C000C000C000C0C
:105C50000018001800180000000000000000001EDE
:105C6000003F0033806180618061806D806D806164
:105C7000806180610033003F001E000000000000D2
:105C800000000006000E001E00360026000600067A
:105C900000060006000600060006000600060000DA
:105CA000000000000000001E003F807380618061E2
:105CB000800100030006000C001800300060807FA7
:105CC000807F0000000000000000001C003E006318
:105CD00000630003000E000E00038001800180615C
:105CE0008073003F001E000000000000000000065E
:105CF000000E000E001E001E001600360036006664
:105D0000807F807F00060006000600000000000083
:105D10000000007F007F006000600060006E007F78
:105D200080638001800180618073003F001E00005D
:105D3000000000000000001E003F80338061006012
:105D4000006E007F80738061806180618033003FDE
:105D5000001E0000000000000000807F807F8001A6
:105D60000003000300060006000C000C000C0008F5
:105D70000018001800180000000000000000001EBD
:105D8000003F8063806180610021001E003F8061D0
:105D9000806180618061003F001E00000000000003
:105DA0000000001E003F007380618061806180738D
:105DB000803F801D800180610073003F001E000055
:105DC0000000000000000000000000000000000CC7
:105DD000000C000000000000000000000000000CAB
:105DE000000C0000000000000000000000000000A7
:105DF00000000000000C000C00000000000000008B
:105E00000000000C000C000400040008000000006A
:105E10000000000080008003000E003800600038A1
:105E2000000E800380000000000000000000000061
:105E300000000000000000000000807F807F000064
:105E40000000807F807F0000000000000000000054
:105E50000000000000000000000000000040007092
:105E6000001C000780010007001C007000400000BB
:105E700000000000000000000000001F803FC07113
:105E8000C060C000C00180030007000E000C000CC1
:105E90000000000C000C0000000000000000001ECC
:105EA000003F803180718063806F806D806D806F76
:105EB000806700600032003E001C0000000000000F
:105EC0000000000E000E001B001B001B001B803199
:105ED0008031803F803F8031C060C060C060000082
:105EE000000000000000007C007E0063006300638F
:105EF0000063007E007E0063806180618063007FBC
:105F0000007E0000000000000000001E003F803105
:105F1000806100600060006000600060006080617F
:105F20008031003F001E0000000000000000007CE7
:105F3000007F006380638061806180618061806137
:105F4000806100630063007E007C000000000000B0
:105F50000000807F807F0060006000600060007F44
:105F6000007F0060006000600060807F807F000034
:105F7000000000000000807F807F00600060006003
:105F80000060007F007F00600060006000600060D3
:105F900000600000000000000000001E003F803193
:105FA0008061006000600060806380638061806168
:105FB0008031803F001E0000000000000000806172
:105FC00080618061806180618061807F807F80618D
:105FD000806180618061806180610000000000005C
:105FE0000000003F003F000C000C000C000C000CF7
:105FF000000C000C000C000C000C003F003F0000E7
:10600000000000000000800180018001800180010B
:106010008001800180018001806180618073003F88
:10602000001E0000000000000000C06080610063EE
:1060300000660066006C0078007C00660066006305
:1060400080618061C060000000000000000000600E
:106050000060006000600060006000600060006040
:10606000006000600060807F807F00000000000012
:106070000000C071C071C07BC07AC06AC06AC06EC7
:10608000C064C060C060C060C060C060C06000002C
:106090000000000000008071807180798079807933
:1060A000806D806D806D80658067806780678063AC
:1060B00080630000000000000000001E003F00336D
:1060C00080618061806180618061806180618061C8
:1060D0000033003F001E0000000000000000007EB2
:1060E000007F80638061806180618063007F007ECB
:1060F00000600060006000600060000000000000C0
:106100000000001E003F003380618061806180617B
:1061100080618061806580670033803F401E0000A1
:10612000000000000000007E007F806380618061CD
:106130008063007F007E0066006300638061806191
:10614000C0600000000000000000000E001F803151
:10615000803100300038001E0007800380618061BC
:106160008031003F001E0000000000000000C0FF62
:10617000C0FF000C000C000C000C000C000C000C0C
:10618000000C000C000C000C000C000000000000D3
:1061900000008061806180618061806180618061D8
:1061A00080618061806180618073003F001E00001B
:1061B000000000000000C060C060C060803180311D
:1061C0008031001B001B001B001B000E000E000E88
:1061D00000040000000000000000C0C0C0C0C0C03B
:1061E000C0C0C0C0C0CC804C804C805E8052805209
:1061F0008073806180610000000000000000C0C06A
:10620000806080610033003B001E000C000C001E0B
:10621000001F003B80718061C0C0000000000000D2
:106220000000C0C08061806100330033001E001E8A
:10623000000C000C000C000C000C000C000C00000A
:10624000000000000000803F803F80010003000349
:106250000006000C000C0018001800300060807F61
:10626000807F000000000000000F000F000C000CF9
:10627000000C000C000C000C000C000C000C000CBE
:10628000000C000C000C000C000F000F00000018A8
:1062900000180018000C000C000C000C0006000692
:1062A00000060006000300030003000000000000D9
:1062B000001E001E0006000600060006000600067E
:1062C000000600060006000600060006000600069E
:1062D000001E001E0000000C000C001E0012003307
:1062E00000338061806100000000000000000000B9
:1062F000000000000000000000000000000000009E
:10630000000000000000000000000000000000008D
:106310000000000000000000E0FF00000000003866
:106320000018000C00000000000000000000000049
:10633000000000000000000000000000000000005D
:1063400000000000000000000000001F803F80618E
:106350008001801F803F80618063807FC0380000A3
:106360000000000000000060006000600060006E3F
:10637000007F807380618061806180618073007FB5
:10638000006E00000000000000000000000000009F
:106390000000001E003F807380610060006080612B
:1063A0008073003F001E000000000000000080011C
:1063B000800180018001801D803F80738061806149
:1063C000806180618073803F801D000000000000BC
:1063D00000000000000000000000001E003F0073ED
:1063E0008061807F807F00608071003F001E000020
:1063F000000000000000C007C00F000C000C807FF0
:10640000807F000C000C000C000C000C000C000C39
:10641000000C000000000000000000000000000070
:10642000801D803F807380618061806180618073A6
:10643000803F801D80018063007F003E000000607F
:10644000006000600060006F807F8071806180610B
:1064500080618061806180618061000000000000D7
:1064600000000006000600000000003E003E00069E
:1064700000060006000600060006000600060000F2
:10648000000000000006000600000000003E003E84
:1064900000060006000600060006000600060006CC
:1064A00000060046007E003C0000006000600060C6
:1064B0000060806100630066006C007C0076006311
:1064C00000638061C0600000000000000000003E2A
:1064D000003E000600060006000600060006000654
:1064E000000600060006000600060000000000008E
:1064F0000000000000000000000080DDC0FFC0CEF2
:10650000C0CCC0CCC0CCC0CCC0CCC0CCC0CC0000B7
:106510000000000000000000000000000000006F0C
:10652000807F807180618061806180618061806135
:10653000806100000000000000000000000000007A
:106540000000001E003F8073806180618061806177
:106550008073003F001E00000000000000000000EB
:1065600000000000006E007F8073806180618061A8
:1065700080618073007F006E0060006000600060DA
:106580000000000000000000801D803F80738061DB
:106590008061806180618073803F801D8001800107
:1065A0008001800100000000000000000000006782
:1065B000803F0039003000300030003000300030C3
:1065C000003000000000000000000000000000009B
:1065D0000000001E803F80610060007F803F8001DE
:1065E0008061007F001E000000000000000000002D
:1065F000000800180018007F007F0018001800181D
:10660000001800180018801F800F00000000000014
:1066100000000000000000000000806180618061D7
:1066200080618061806180618063807F803D000047
:106630000000000000000000000000000000C0603A
:10664000803180318031001B001B001B000E000ECA
:106650000006000000000000000000000000000034
:10666000000080DD80DD80DD00550055005500779D
:10667000007700220022000000000000000000005F
:10668000000000000000806100330033001E000C99
:10669000000C001E00330033806100000000000089
:1066A0000000000000000000806180618031003344
:1066B0000033001B001B001B000E000E000E001C10
:1066C000007C007000000000000000000000C07F9F
:1066D000C07F800100030006000C00180030C07F5E
:1066E000C07F000000000000800380070006000655
:1066F000000600060006000E001C001C000E00062E
:10670000000600060006000680078003000600065B
:106710000006000600060006000600060006000649
:106720000006000600060006000600060006000639
:106730000038003C000C000C000C000C000C000E9B
:1067400000070007000E000C000C000C000C000CF1
:10675000003C0038000000000000000000000000C5
:1067600000008038807F004700000000000000002B
:106770000000000000000000000000000000000019
:1067800000000000000000000000000000100010E9
:1067900000100010001000100000001000000000A9
:1067A0000028002800280000000000000000000071
:1067B0000000000000240024007C00240048007C2D
:1067C0000048004800000000003800540050003825
:1067D0000014005400540038001000000020005441
:1067E0000058003000280054001400080000000089
:1067F0000010002800280010003400480048003431
:106800000000000000100010001000000000000058
:106810000000000000000000000800100020002020
:1068200000200020002000200010000800200010A0
:1068300000080008000800080008000800100020F8
:1068400000100038001000280000000000000000C8
:10685000000000000000000000100010007C00108C
:106860000010000000000000000000000000000018
:1068700000000000000000100010001000000000E8
:1068800000000000000000380000000000000000D0
:1068900000000000000000000000000000000010E8
:1068A0000000000000080008001000100010001098
:1068B0000020002000000000003800440044005484
:1068C0000044004400440038000000000010003084
:1068D0000050001000100010001000100000000018
:1068E0000038004400440004000800100020007C30
:1068F00000000000003800440004001800040004F8
:10690000004400380000000000080018002800289B
:106910000048007C0008000800000000007C0040E7
:10692000004000780004000400440038000000002B
:10693000003800440040007800440044004400381F
:1069400000000000007C000400080010001000207F
:1069500000200020000000000038004400440038FF
:1069600000440044004400380000000000380044A7
:1069700000440044003C00040044003800000000D3
:1069800000000000001000000000000000000010E7
:1069900000000000000000000000001000000000E7
:1069A000000000100010001000000000000C00307B
:1069B00000400030000C000000000000000000005B
:1069C0000000007C0000007C0000000000000000CF
:1069D00000000000006000180004001800600000C3
:1069E00000000000003800440004000800100010FF
:1069F000000000100000000000380044004C00546B
:106A0000005C00400040003800000000001000283A
:106A1000002800280028007C0044004400000000FA
:106A200000780044004400780044004400440078AA
:106A300000000000003800440040004000400040DA
:106A4000004400380000000000700048004400448A
:106A5000004400440048007000000000007C00403A
:106A60000040007C004000400040007C000000002E
:106A7000007C0040004000780040004000400040A2
:106A8000000000000038004400400040005C00446A
:106A90000044003800000000004400440044007C32
:106AA000004400440044004400000000003800108E
:106AB000001000100010001000100038000000004E
:106AC0000004000400040004000400040044003832
:106AD00000000000004400480050006000500048E2
:106AE000004800440000000000400040004000401A
:106AF000004000400040007C000000000044006CAA
:106B0000006C0054004400440044004400000000B5
:106B100000440064006400540054004C004C0044E5
:106B200000000000003800440044004400440044D9
:106B30000044003800000000007800440044004495
:106B40000078004000400040000000000038004491
:106B50000044004400440044005400380004000095
:106B60000078004400440044007800480048004495
:106B7000000000000038004400400030000800041D
:106B80000044003800000000007C001000100010DD
:106B9000001000100010001000000000004400442D
:106BA0000044004400440044004400380000000059
:106BB0000044004400440028002800280010001071
:106BC0000000000000440044005400540054006CD5
:106BD00000280028000000000044002800280010C1
:106BE0000010002800280044000000000044004479
:106BF0000028002800100010001000100000000005
:106C0000007C000400080010001000200040007C00
:106C1000000000000018001000100010001000100C
:106C200000100010001000180020002000100010BC
:106C300000100010000800080000000000300010E4
:106C400000100010001000100010001000100030A4
:106C50000010002800280044000000000000000090
:106C60000000000000000000000000000000000024
:106C700000000000000000FE0020001000000000E6
:106C80000000000000000000000000000000000004
:106C900000380044003C0044004C00340000000078
:106CA0000040004000580064004400440064005864
:106CB00000000000000000000038004400400040D8
:106CC0000044003800000000000400040034004CC0
:106CD00000440044004C00340000000000000000AC
:106CE00000380044007C00400044003800000000F0
:106CF000000C0010007C00100010001000100010AC
:106D000000000000000000000034004C004400447B
:106D1000004C00340004007800400040005800643B
:106D20000044004400440044000000000010000043
:106D30000070001000100010001000100000000093
:106D40000010000000700010001000100010001073
:106D5000001000E00040004000480050006000507B
:106D600000480044000000000070001000100010F7
:106D700000100010001000100000000000000000D3
:106D800000780054005400540054005400000000E7
:106D90000000000000580064004400440044004427
:106DA00000000000000000000038004400440044DF
:106DB000004400380000000000000000005800649B
:106DC00000440044006400580040004000000000FF
:106DD0000034004C00440044004C00340004000423
:106DE00000000000005800640040004000400040E7
:106DF00000000000000000000038004400300008DF
:106E0000004400380000000000200020007800202E
:106E100000200020002000180000000000000000FA
:106E20000044004400440044004C003400000000D2
:106E30000000000000440044002800280028001042
:106E40000000000000000000005400540054006CDA
:106E50000028002800000000000000000044002876
:106E60000010001000280044000000000000000096
:106E700000440044002800280010001000100060AA
:106E800000000000007C0008001000200040007C92
:106E9000000000000018001000100010002000206A
:106EA000001000100010001800100010001000105A
:106EB0000010001000100010001000100030001032
:106EC0000010001000080008001000100010003032
:106ED0000000000000000074004C000000000000F2
:106EE0000000000064390108743901088239010882
:106EF000903901089F390108146F01088B2F010890
:106F0000772C010800000000C13B0108CA3B0108C2
:106F1000D83B0108090409028200040100A03208DC
:106F20000B0002020200000904000001020200043A
:106F30000524002001052401000104240206052483
:106F40000600010705810308000109040100020A87
:106F50000000000705020240000007058202400011
:106F600000090402000203000005092111010001CB
:106F700022220007050303400001070583034000A8
:106F80000109040300020806500607050402400038
:106F9000000705840240000009026B00030100A005
:106FA00032080B0002020200000904000001020284
:106FB0000004052400200105240100010424020628
:106FC00005240600010705810308000109040100EA
:106FD000020A0000000705020240000007058202C5
:106FE000400000090402000203000005092111010C
:106FF0000001222200070503034000010705830367
:107000004000010675FF0901A1010902150026FFD4
:10701000007508954091020903150026FF007508C8
:1070200095408102C00006101600061016000100EF
:1070300002000400060008000A000C0010002000F6
:107040004000800000010000000000004DEA000840
:10705000C1EA0008DDEA000805EB000851EC000871
:107060000DED00080000000000000000000000001E
:1070700021F400080000000031F4000841F4000889
:10708000C9F40008E9F50008000000000000000055
:1070900000000000B1EE00089DEE0008A1EE00081F
:1070A000B9EE000871EF0008DDF0000800000000F4
:1070B0000000000034000000CEFBFFFFCB03000007
:1070C000010000000000000035000000CEFBFFFFC3
:1070D000CB030000010000000000000000000000E1
:1070E000BC89D897B2D29C3C33A7A8D523F649399E
:1070F0003DA7F444FD0FA5329D978CCF08BA5B25C0
:10710000436FAC6428066811002020202020202036
:107110002020282828282820202020202020202047
:107120002020202020202020208810101010101057
:1071300010101010101010101004040404040404A3
:10714000040404101010101010104141414141413D
:10715000010101010101010101010101010101011F
:10716000010101011010101010104242424242422F
:1071700002020202020202020202020202020202EF
:107180000202020210101010200000000000000097
:1071900000000000000000000000000000000000EF
:1071A00000000000000000000000000000000000DF
:1071B00000000000000000000000000000000000CF
:1071C00000000000000000000000000000000000BF
:1071D00000000000000000000000000000000000AF
:1071E000000000000000000000000000000000009F
:1071F000000000000000000000000000000000008F
:107200000000000000000000000000000500000079
:10721000190000007D0000000080E03779C3414381
:10722000176E05B5B5B89346F5F93FE9034F384DEC
:10723000321D30F94877825A3CBF737FDD4F157598
:10724000000000000000F03F0000000000002440AB
:1072500000000000000059400000000000408F4086
:10726000000000000088C34000000000006AF840F1
:107270000000000080842E4100000000D012634115
:107280000000000084D797410000000065CDCD418B
:10729000000000205FA00242000000E8764837426C
:1072A000000000A2941A6D42000040E59C30A2420A
:1072B0000000901EC4BCD64200003426F56B0C437F
:1072C0000080E03779C3414300A0D8855734764326
:1072D00000C84E676DC1AB43003D9160E458E14387
:1072E000408CB5781DAF154450EFE2D6E41A4B44FC
:1072F00092D54D06CFF08044F64AE1C7022DB54441
:08730000B49DD9794378EA44F9
:087308002C95FE7F010000003E
:04731000E10C000884
:04731400B90C0008A8
:107318000000000003000000BC120024100000243C
:1073280000000000BC120024241300248C13002445
:107338000000000000000000000000000000000045
:107348000000000000000000000000000000000035
:107358000000000000000000000000000000000025
:107368000000000000000000000000000200000013
:107378000090D0030090D0034B2C010800000000BF
:1073880000000000000000000000000000000000F5
:1073980000000000000000000000000000000000E5
:1073A80000000000000000000000000000000000D5
:1073B80000000000000000000000000000000000C5
:1073C80000000000000000000000000000000000B5
:1073D80000000000000000000000000000000000A5
:1073E8000000000000000000000000000000000095
:1073F8000000000000000000000000000000000085
:107408000000000000000000000000000000000074
:107418000000000000000000000000000000000064
:107428000000000000000000000000000000000054
:107438000000000000000000000000000000000044
:107448000000000000000000000000000000000034
:107458000000000000000000000000000000000024
:107468000000000000000000000000000000000014
:107478000000000000000000000000000000000004
:1074880000000000000000000000000000000000F4
:1074980000000000000000000000000000000000E4
:1074A80000000000000000000000000000000000D4
:1074B80000000000000000000000000000000000C4
:1074C80000000000000000000000000000000000B4
:1074D80000000000000000000000000000000000A4
:1074E8000000000000000000000000000000000094
:1074F8000000000000000000000000000000000084
:107508000000000000000000000000000000000073
:107518000000000000000000000000000000000063
:107528000000000000000000000000000000000053
:107538000000000000000000000000000000000043
:107548000000000000000000000000000000000033
:107558000000000000000000000000000000000023
:107568000000000000000000000000000000000013
:107578000000000000000000000000000000000003
:1075880000000000000000000000000000000000F3
:1075980000000000000000000000000000000000E3
:1075A80000000000000000000000000000000000D3
:1075B80000000000000000000000000000000000C3
:1075C80000000000000000000000000000000000B3
:1075D80000000000000000000000000000000000A3
:1075E8000000000000000000000000000000000093
:1075F8000000000000000000000000000000000083
:107608000000000000000000000000000000000072
:107618000000000000000000000000000000000062
:107628000000000000000000000000000000000052
:107638000000000000000000000000000000000042
:107648000000000000000000000000000000000032
:107658000000000000000000000000000000000022
:107668000000000000000000000000000000000012
:107678000000000000000000000000000000000002
:1076880000000000000000000000000000000000F2
:1076980000000000000000000000000000000000E2
:1076A80000000000000000000000000000000000D2
:1076B80000000000000000000000000000000000C2
:1076C80000000000000000000000000000000000B2
:1076D80000000000000000000000000000000000A2
:1076E8000000000000000000000000000000000092
:1076F8000000000000000000000000000000000082
:107708000000000000000000000000000000000071
:107718000000000000000000000000000000000061
:107728000000000000000000000000000000000051
:107738000000000000000000000000000000000041
:107748000000000000000000000000000000000031
:107758000000000000000000000000000000000021
:107768000000000000000000000000000000000011
:107778000000000000000000000000000000000001
:1077880000000000000000000000000000000000F1
:1077980000000000000000000000000000000000E1
:1077A8000000000060090024532C010800000000BC
:1077B80000000000000000000000000000000000C1
:1077C80000000000000000000000000000000000B1
:1077D80000000000000000000000000000000000A1
:1077E8000000000000000000000000000000000091
:1077F8000000000000000000000000000000000081
:107808000000000000000000000000000000000070
:107818000000000000000000000000000000000060
:107828000000000000000000000000000000000050
:107838000000000000000000000000000000000040
:107848000000000000000000000000000000000030
:107858000000000000000000000000000000000020
:107868000000000000000000000000000000000010
:107878000000000000000000000000000000000000
:1078880000000000000000000000000000000000F0
:1078980000000000000000000000000000000000E0
:1078A80000000000000000000000000000000000D0
:1078B80000000000000000000000000000000000C0
:1078C80000000000000000000000000000000000B0
:1078D80000000000000000000000000000000000A0
:1078E8000000000000000000000000000000000090
:1078F8000000000000000000000000000000000080
:10790800000000000000000000000000000000006F
:10791800000000000000000000000000000000005F
:10792800000000000000000000000000000000004F
:10793800000000000000000000000000000000003F
:10794800000000000000000000000000000000002F
:10795800000000000000000000000000000000001F
:10796800000000000000000000000000000000000F
:1079780000000000000000000000000000000000FF
:1079880000000000000000000000000000000000EF
:1079980000000000000000000000000000000000DF
:1079A80000000000000000000000000000000000CF
:1079B80000000000000000000000000000000000BF
:1079C80000000000000000000000000000000000AF
:1079D800000000000000000000000000000000009F
:1079E800000000000000000000000000000000008F
:1079F800000000000000000000000000000000007F
:107A0800000000000000000000000000000000006E
:107A1800000000000000000000000000000000005E
:107A2800000000000000000000000000000000004E
:107A3800000000000000000000000000000000003E
:107A4800000000000000000000000000000000002E
:107A5800000000000000000000000000000000001E
:107A6800000000000000000000000000000000000E
:107A780000000000000000000000000000000000FE
:107A880000000000000000000000000000000000EE
:107A980000000000000000000000000000000000DE
:107AA80000000000000000000000000000000000CE
:107AB80000000000000000000000000000000000BE
:107AC80000000000000000000000000000000000AE
:107AD800000000000000000000000000000000009E
:107AE800000000000000000000000000000000008E
:107AF800000000000000000000000000000000007E
:107B0800000000000000000000000000000000006D
:107B1800000000000000000000000000000000005D
:107B2800000000000000000000000000000000004D
:107B3800000000000000000000000000000000003D
:107B4800000000000000000000000000000000002D
:107B5800000000000000000000000000000000001D
:107B6800000000000000000000000000000000000D
:107B780000000000000000000000000000000000FD
:107B880000000000000000000000000000000000ED
:107B980000000000000000000000000000000000DD
:107BA80000000000000000000000000000000000CD
:107BB80000000000000000000000000000000000BD
:107BC80000000000000000000000000000000000AD
:107BD80000000000C80800240000000000000000A9
:107BE800000000000000000000000000000000008D
:107BF800000000000000000000000000000000007D
:107C0800000000000000000000000000000000006C
:107C1800000000000000000000000000000000005C
:107C2800000000000000000000000000000000004C
:107C3800000000000000000000000000000000003C
:107C4800000000000000000000000000000000002C
:107C58000000000000000000413200081532000852
:107C680089320008753200084D3200089D3200083C
:107C780000000000000000000000000000000000FC
:107C880000000000000000000000000000000000EC
:107C980000000000000000000000000000000000DC
:107CA80000000000000000000000000000000000CC
:107CB80000000000000000000000000000000000BC
:107CC80000000000000000000000000000000000AC
:107CD800000000000000000000000000000000009C
:107CE800000000000000000000000000000000008C
:107CF800493300086F3300086B3300085933000814
:107D0800553300084D330008FFFFFFFF01014837D6
:107D18003530424F4F54202020080000000000005A
:107D2800000000004F6D6543000000000000524550
:107D380041444D4520205458542000C6526D654397
:107D480065430000886D65430200000000000000E4
:107D5800000000000000000000000000000000001B
:107D6800000000000000000000000000000000000B
:107D780000000000000000000000000000000000FB
:107D880000000000000000000000000000000000EB
:107D980000000000000000000000000000000000DB
:107DA80000000000000000000000000000000000CB
:107DB80000000000000000000000000000000000BB
:107DC80000000000000000000000000000000000AB
:107DD800000000000000000000000000000000009B
:107DE800000000000000000000000000000000008B
:107DF800000000000000000000000000000000007B
:107E0800000000000000000000000000000000006A
:107E1800000000000000000000000000000000005A
:107E2800000000000000000000000000000000004A
:107E3800000000000000000000000000000000003A
:107E4800000000000000000000000000000000002A
:107E5800000000000000000000000000000000001A
:107E6800000000000000000000000000000000000A
:107E780000000000000000000000000000000000FA
:107E880000000000000000000000000000000000EA
:107E980000000000000000000000000000000000DA
:107EA80000000000000000000000000000000000CA
:107EB80000000000000000000000000000000000BA
:107EC80000000000000000000000000000000000AA
:107ED800000000000000000000000000000000009A
:107EE800000000000000000000000000000000008A
:107EF800000000000000000000000000000000007A
:107F08000000000000000000000000000000F8FF72
:107F1800FFFFFFFF0000000000000000000000005D
:107F28000000000000000000000000000000000049
:107F38000000000000000000000000000000000039
:107F48000000000000000000000000000000000029
:107F58000000000000000000000000000000000019
:107F68000000000000000000000000000000000009
:107F780000000000000000000000000000000000F9
:107F880000000000000000000000000000000000E9
:107F980000000000000000000000000000000000D9
:107FA80000000000000000000000000000000000C9
:107FB80000000000000000000000000000000000B9
:107FC80000000000000000000000000000000000A9
:107FD8000000000000000000000000000000000099
:107FE8000000000000000000000000000000000089
:107FF8000000000000000000000000000000000079
:108008000000000000000000000000000000000068
:108018000000000000000000000000000000000058
:108028000000000000000000000000000000000048
:108038000000000000000000000000000000000038
:108048000000000000000000000000000000000028
:108058000000000000000000000000000000000018
:108068000000000000000000000000000000000008
:1080780000000000000000000000000000000000F8
:1080880000000000000000000000000000000000E8
:1080980000000000000000000000000000000000D8
:1080A80000000000000000000000000000000000C8
:1080B80000000000000000000000000000000000B8
:1080C80000000000000000000000000000000000A8
:1080D8000000000000000000000000000000000098
:1080E8000000000000000000000000000000000088
:1080F8000000000000000000000000000000000078
:108108000000000000000000000000000000EB3C40
:10811800904D53444F53352E3000020101000200A8
:10812800020080F88000010001000000000000004B
:1081380000008000293412CDAB48373530424F4F0C
:1081480054202020464154313620202000000000D1
:108158000000000000000000000000000000000017
:108168000000000000000000000000000000000007
:1081780000000000000000000000000000000000F7
:1081880000000000000000000000000000000000E7
:1081980000000000000000000000000000000000D7
:1081A80000000000000000000000000000000000C7
:1081B80000000000000000000000000000000000B7
:1081C80000000000000000000000000000000000A7
:1081D8000000000000000000000000000000000097
:1081E8000000000000000000000000000000000087
:1081F8000000000000000000000000000000000077
:108208000000000000000000000000000000000066
:108218000000000000000000000000000000000056
:108228000000000000000000000000000000000046
:108238000000000000000000000000000000000036
:108248000000000000000000000000000000000026
:108258000000000000000000000000000000000016
:108268000000000000000000000000000000000006
:1082780000000000000000000000000000000000F6
:1082880000000000000000000000000000000000E6
:1082980000000000000000000000000000000000D6
:1082A80000000000000000000000000000000000C6
:1082B80000000000000000000000000000000000B6
:1082C80000000000000000000000000000000000A6
:1082D8000000000000000000000000000000000096
:1082E8000000000000000000000000000000000086
:1082F8000000000000000000000000000000000076
:1083080000000000000000000000000055AAFF0265
:10831800036400001010000000000000101A0000A4
:10832800D04601080B1200001C5A0108070A000079
:108338007867010801010000EE3A010800100140C9
:10834800786B00240000000000000000FC3A0108DF
:108358000000000000000000000000000000000015
:108368000A3B0108000000000000000000000000B7
:108378000000000012010002EF020140091250B78C
:10838800000101020301010010000000ADDB00083C
:10839800606C002410000C0000000000ADDB000839
:1083A80000000000FF04000043000000000000007F
:1083B80000000000000000000000000000000000B5
:1083C8000000000000000000430000000000000062
:1083D8000000000000000000000000000000000095
:1083E8000000000000000000430000000000000042
:1083F8000000000000000000000000000000000075
:108408000000000000000000430000000000000021
:108418000000000000000000000000000000000054
:108428000000000000000000430000000000000001
:108438000000000000000000000000000000000034
:1084480000000000000000004300000000000000E1
:108458000000000000000000000000000000000014
:1084680000000000000000004300000000000000C1
:1084780000000000000000000000000000000000F4
:1084880000000000000000004B220108451501080B
:1084980000000000087101086C3101081A2F01085A
:1084A8001A2F01081A2F01081A2F01081A2F01087C
:1084B8001A2F01081A2F01081A2F01081A2F01086C
:1084C800FFFFFFFFFFFFFFFFFFFFFFFFFFFF0000B2
:1084D800010041534349490000000000000000002A
:1084E8000000000000000000000000000000000084
:1084F800000041534349490000000000000000000B
:108508000000000000000000000000000000000063
:108518000000000000000000617000000000000082
:108528000000000000000000000000000000000043
:108538000000000000000000030000000000000030
:108548006513000800000000636C6900000000006B
:108558000000000000000000000000000000000013
:10856800000000000000000003000000553700086C
:108578007137000800000000756900000000000065
:1085880000000000000000000000000000000000E3
:10859800000000000000000003000000CD420008B9
:0885A800ED4200080000000094
:04000005080044FDAE
:00000001FF
